CitraBatik/1-1.jpg,21136.5,0.666666667,0,0,15.16666667,13.83333333,0,0,0,0,0,0,0,0,0,0,5127,0,0,0,7264.166667,1512.666667,0,0,0,0,0,0,0,0,0,0,47.5,0,0,0,4101.166667,642.8333333,0,0,38.66666667,70,0.333333333,0,0,0,0,0,0,0,0,0,0,0.333333333,0,0,4.333333333,24.83333333,0,0,0,0,0,0,28958,1619.333333,661,362.3333333,266,192.3333333,168.6666667,152.8333333,141,489.6666667,160.1666667,159,204.8333333,272,392.6666667,710.5,1725,3364.666667,0.017683895,0.016471719,0.018142416,0.016312943,416.0812437,586.7722729,364.9409983,656.1509408,0.785690941,0.697825997,0.812027928,0.66209733,12.6466871,12.83385792,12.57511023,12.88077293
CitraBatik/1-10.jpg,22071.33333,0.333333333,0,0,4.666666667,7.333333333,0,0,0,0,0,0,0,0,0,0,4230.333333,0.333333333,0,0,5918,2096.5,0,0,0,0,0,0,0,0,0,0,44.83333333,0,0,0,4430.333333,959.8333333,0,0,49.5,126.3333333,1.333333333,0,0,0,0,0,0,0,0,0,0,0.333333333,0,0,8,50.33333333,0.333333333,0,0,0,0,0,29166.33333,1612.333333,621.5,319.3333333,223.3333333,173,126,114.5,121.8333333,455.5,114.6666667,148.3333333,157.8333333,239,342.6666667,623,1680.5,3760.333333,0.014709695,0.013827529,0.015218471,0.01378571,536.8339149,743.2661453,430.6421637,777.6685662,0.754991797,0.660793992,0.803390334,0.645093252,12.98417269,13.15236922,12.87416792,13.1691964
CitraBatik/1-100.jpg,22514.33333,0.666666667,0,0,5,12.66666667,0,0,0,0,0,0,0,0,0,0,4286.166667,3.333333333,0,0,6425.666667,2298.333333,0,0,0,0,0,0,0,0,0,0,27.33333333,0,0,0,3501.166667,745.6666667,0,0,32.16666667,125.3333333,1,0,0,0,0,0,0,0,0,0,0,0,0,0,1,20.16666667,0,0,0,0,0,0,29033.5,1527.333333,615.8333333,317,202.3333333,151.6666667,138.5,102.5,96.33333333,442.8333333,112.6666667,121.5,156.8333333,222.3333333,329.3333333,632.5,1698.5,4098.5,0.014666488,0.013756042,0.015159241,0.013639609,492.7592112,701.8578332,415.952995,745.1942963,0.760824867,0.659364564,0.79803479,0.63833171,12.92944591,13.11126972,12.83901107,13.13778891
CitraBatik/1-101.jpg,22488.16667,2.5,0,0,7.166666667,16.16666667,0,0,0,0,0,0,0,0,0,0,4144.333333,1,0,0,6547.833333,2291.5,0,0,0,0,0,0,0,0,0,0,26.83333333,0,0,0,3514.166667,774.3333333,0,0,30.33333333,129.1666667,1.666666667,0,0,0,0,0,0,0,0,0,0,0,0,0,2,22.83333333,0,0,0,0,0,0,29056.66667,1569.166667,603.3333333,320.3333333,227.1666667,152,117.6666667,116.3333333,101.1666667,437.3333333,116.5,125.3333333,158.5,207.3333333,335.6666667,642.8333333,1671,4041.666667,0.014589244,0.013687405,0.015102428,0.013618969,494.3426419,708.9473768,418.0266667,744.6205539,0.760742825,0.656913896,0.797665998,0.639649068,12.93798147,13.11989676,12.84569786,13.13998715
CitraBatik/1-102.jpg,22151.33333,1,0,0,6.833333333,12.66666667,0,0,0,0,0,0,0,0,0,0,4229.166667,1.333333333,0,0,6859.166667,2327.333333,0,0,0,0,0,0,0,0,0,0,22.83333333,0,0,0,3401.333333,807,0,0,29,127,1.333333333,0,0,0,0,0,0,0,0,0,0.333333333,0,0,0,1.5,20.83333333,0,0,0,0,0,0,29170.66667,1549.166667,612.1666667,316.3333333,211.1666667,162.3333333,128.6666667,110.5,107.8333333,439.6666667,112.6666667,135.5,160.3333333,234.1666667,321,651.6666667,1683.166667,3893,0.014613828,0.013696186,0.015131846,0.013625271,493.1293531,701.8928791,413.0223726,738.0182761,0.759646161,0.657926612,0.798692569,0.640320923,12.93252756,13.11366424,12.83546366,13.13377615
CitraBatik/1-103.jpg,21920.33333,1.166666667,0,0,5.166666667,18.33333333,0,0,0,0,0,0,0,0,0,0,4296.833333,1,0,0,7114.166667,2279,0,0,0,0,0,0,0,0,0,0,26.66666667,0,0,0,3355,811.1666667,0,0,24.5,117,0.666666667,0,0,0,0,0,0,0,0,0,0,0,0,0,1.666666667,27,0.333333333,0,0,0,0,0,29066.66667,1584.166667,593.1666667,321.5,220,148.1666667,133,114.6666667,104.6666667,441.8333333,106,136.3333333,159.6666667,213.1666667,323.1666667,641,1738,3954.833333,0.014650606,0.013738874,0.015163278,0.013640741,488.570217,694.9927448,408.214127,733.6282484,0.760688808,0.659611723,0.800049396,0.64068883,12.92256553,13.10433254,12.82628837,13.12782899
CitraBatik/1-104.jpg,21945,0.666666667,0,0,3,11.5,0,0,0,0,0,0,0,0,0,0,4213.833333,1,0,0,7044.166667,2312.166667,0,0,0,0,0,0,0,0,0,0,24.66666667,0,0,0,3480.666667,813.5,0,0,27.16666667,104.1666667,1.333333333,0,0,0,0,0,0,0,0,0,0,0,0,0,1,16.16666667,0,0,0,0,0,0,29086.33333,1563.166667,606.5,329,215.1666667,162.6666667,131.5,112.3333333,101,450.1666667,115.8333333,135.1666667,162.5,225.1666667,337.6666667,609.5,1685.666667,3970.666667,0.01479826,0.013855422,0.01526486,0.01374872,479.0487563,686.31712,408.3493609,724.5919933,0.763332979,0.660950669,0.798298145,0.642040333,12.89866511,13.08423395,12.81202853,13.10703298
CitraBatik/1-105.jpg,21800.16667,1.5,0,0,3.5,4.166666667,0,0,0,0,0,0,0,0,0,0,4192.5,1.666666667,0,0,7042.166667,2373.666667,0,0,0,0,0,0,0,0,0,0,32.33333333,0,0,0,3574.166667,821,0,0,28,106.5,1.333333333,0,0,0,0,0,0,0,0,0,0,0,0,0,1.333333333,16,0,0,0,0,0,0,29107.83333,1552.666667,627.1666667,329.5,215.5,163.3333333,126,105.1666667,111.8333333,462.1666667,118,127,165.8333333,225.6666667,326.3333333,658.5,1647.666667,3929.833333,0.014898299,0.013915331,0.015361005,0.013811849,468.1510726,679.0271798,400.3767669,710.6164284,0.766602037,0.661491475,0.800377279,0.645743178,12.87980366,13.07127359,12.79575852,13.09161544
CitraBatik/1-106.jpg,22138.16667,0.5,0,0,3.5,5,0,0,0,0,0,0,0,0,0,0,6078.5,2.666666667,0,0,7212,1643,0,0,0,0,0,0,0,0,0,0,13,0,0,0,2356.833333,463.6666667,0,0,10.33333333,61.66666667,0.666666667,0,0,0,0,0,0,0,0,0,0,0,0,0,1,9.5,0,0,0,0,0,0,29108.83333,1607,639.6666667,332.5,219.5,174.3333333,148.6666667,124.6666667,124.6666667,459.3333333,124.1666667,137.5,175,251.6666667,350.3333333,664.6666667,1776.833333,3580.666667,0.016361401,0.015085065,0.016643069,0.014959812,374.5958013,559.1888611,354.700944,592.4394919,0.782035458,0.674683194,0.793577443,0.655339713,12.65492996,12.87634144,12.61690116,12.90104551
CitraBatik/1-107.jpg,21974.5,1.833333333,0,0,4,4.166666667,0,0,0,0,0,0,0,0,0,0,6031.833333,1,0,0,7253.166667,1760.666667,0,0,0,0,0,0,0,0,0,0,10.83333333,0,0,0,2387.5,487.8333333,0,0,4.666666667,66.83333333,1.333333333,0,0,0,0,0,0,0,0,0,0,0,0,0,0.833333333,9,0,0,0,0,0,0,28967.5,1628.5,626.5,341.5,232.6666667,178.8333333,133.1666667,112,103.6666667,463.6666667,109.1666667,138,167.6666667,235,348.1666667,655.6666667,1767.166667,3791.166667,0.016142604,0.014889772,0.016446843,0.01477145,377.4878088,561.8184401,348.5751295,600.2366726,0.782694812,0.676664247,0.799346075,0.654553523,12.67014435,12.89006727,12.62245974,12.91809857
CitraBatik/1-108.jpg,22086,0.333333333,0,0,3.833333333,5.166666667,0,0,0,0,0,0,0,0,0,0,5724.5,2.833333333,0,0,7161.833333,1817.833333,0,0,0,0,0,0,0,0,0,0,16.66666667,0,0,0,2556,538.5,0,0,4.5,68.16666667,1.333333333,0,0,0,0,0,0,0,0,0,0,0,0,0,0.666666667,11.83333333,0,0,0,0,0,0,29029,1638.666667,633,355,229.5,173,135.6666667,117.3333333,108.1666667,458,122.8333333,143.1666667,177,227.6666667,355.1666667,642.1666667,1720.666667,3734,0.015900583,0.014687499,0.016265612,0.014589992,389.1860476,579.2494132,355.3308104,613.6708424,0.779133739,0.671347039,0.798369644,0.651818861,12.69809759,12.91332105,12.64420448,12.93786985
CitraBatik/1-109.jpg,22359.5,2.666666667,0,0,2.5,3.666666667,0,0,0,0,0,0,0,0,0,0,5448.166667,1,0,0,7004,1952.166667,0,0,0,0,0,0,0,0,0,0,16.16666667,0,0,0,2554.5,568.1666667,0,0,5.5,70.83333333,1,0,0,0,0,0,0,0,0,0,0,0,0,0,0.333333333,9.833333333,0,0,0,0,0,0,29098,1579.333333,627.5,340.5,198.1666667,169.8333333,137.5,120.3333333,102.3333333,445.8333333,111.8333333,149.1666667,161.6666667,234.6666667,348.1666667,632.5,1654,3888.666667,0.015654517,0.014489135,0.016023903,0.014369985,411.1256052,605.8824733,373.6672974,643.4098142,0.771693993,0.663602581,0.792482105,0.642765907,12.74504347,12.95308275,12.68853748,12.9797397
CitraBatik/1-11.jpg,21964.83333,0.5,0,0,3.333333333,10.5,0,0,0,0,0,0,0,0,0,0,4195.5,2.333333333,0,0,6026,2100.5,0,0,0,0,0,0,0,0,0,0,48.16666667,0,0,0,4451.333333,969.6666667,0,0,45.33333333,120,1.666666667,0,0,0,0,0,0,0,0,0,0,0.333333333,0,0,8.833333333,50.83333333,0.333333333,0,0,0,0,0,29230,1647.333333,637,332.5,217.5,174,137.1666667,118.6666667,102.8333333,461.1666667,112.3333333,144.8333333,174.8333333,231.1666667,344.3333333,625.5,1620,3688.833333,0.014773077,0.013848189,0.015334758,0.013864428,537.6071285,750.5493952,431.4875689,771.4388685,0.754875434,0.657807467,0.803220528,0.648282841,12.98195579,13.15545657,12.86844193,13.16239942
CitraBatik/1-110.jpg,22434.66667,1.5,0,0,3.333333333,6.833333333,0,0,0,0,0,0,0,0,0,0,5250.166667,1,0,0,6935.833333,2043.333333,0,0,0,0,0,0,0,0,0,0,15.5,0,0,0,2624.666667,569.6666667,0,0,14.33333333,80.33333333,1,0,0,0,0,0,0,0,0,0,0,0,0,0,1,16.83333333,0,0,0,0,0,0,28960.66667,1582.666667,613.3333333,317.6666667,227.8333333,162,135.5,111.8333333,103.6666667,444,105.3333333,138.1666667,172.1666667,237.3333333,353,623,1732.833333,3979,0.015414766,0.014326271,0.015780878,0.014163532,423.1649791,617.5057761,378.3477109,665.2308107,0.770694041,0.665464539,0.795076845,0.639611301,12.78153874,12.98110539,12.71901883,13.0158488
CitraBatik/1-111.jpg,22448.16667,0.833333333,0,0,4.333333333,6.666666667,0,0,0,0,0,0,0,0,0,0,4993.833333,0.333333333,0,0,6940,2091.5,0,0,0,0,0,0,0,0,0,0,15,0,0,0,2723,654,0,0,16.83333333,89.66666667,1.333333333,0,0,0,0,0,0,0,0,0,0,0,0,0,1.166666667,13.33333333,0,0,0,0,0,0,28989.5,1539,601.6666667,327.6666667,219.6666667,152.8333333,130.1666667,118.3333333,107.5,458.3333333,134.1666667,138.3333333,178.1666667,228,371.6666667,666.6666667,1713.5,3924.833333,0.015269323,0.014213809,0.015685914,0.014049998,440.4713773,638.2575136,391.4592774,685.6112778,0.767862,0.663698624,0.793693132,0.638747445,12.81900083,13.01495356,12.75178183,13.04784106
CitraBatik/1-112.jpg,22410.83333,1,0,0,2,8.833333333,0,0,0,0,0,0,0,0,0,0,4829.666667,0.833333333,0,0,6889.5,2188.666667,0,0,0,0,0,0,0,0,0,0,14.33333333,0,0,0,2815.333333,692.1666667,0,0,19.66666667,104,0.666666667,0,0,0,0,0,0,0,0,0,0,0,0,0,2,20.5,0,0,0,0,0,0,29025.66667,1595.333333,618.5,319,206.1666667,168.8333333,129.6666667,119.8333333,111.1666667,450.1666667,110,139.8333333,157.5,215,330.5,641,1694.833333,3967,0.014979277,0.013936585,0.015362089,0.013796652,453.195409,658.1585307,397.6462322,697.1433341,0.767417039,0.662309736,0.7960242,0.642308794,12.86198002,13.05900425,12.79261234,13.08653427
CitraBatik/1-113.jpg,22365,0.5,0,0,5.166666667,7.166666667,0,0,0,0,0,0,0,0,0,0,4651.333333,2,0,0,6885,2296.5,0,0,0,0,0,0,0,0,0,0,15.5,0,0,0,2898.833333,717.1666667,0,0,26.83333333,106,1.333333333,0,0,0,0,0,0,0,0,0,0,0,0,0,2.333333333,19.33333333,0,0,0,0,0,0,29068,1549.666667,580.1666667,314.8333333,217.1666667,152.6666667,139.6666667,113,98.16666667,444.5,117.1666667,120.8333333,162.8333333,216.3333333,337.5,620.3333333,1657.5,4089.666667,0.014842407,0.013822148,0.015259152,0.013717714,464.5920701,669.6938799,400.7074436,711.1900369,0.76454554,0.660681634,0.796901354,0.639658142,12.88595608,13.07807097,12.80633539,13.10555378
CitraBatik/1-114.jpg,22632.66667,0.666666667,0,0,6.833333333,8.166666667,0,0,0,0,0,0,0,0,0,0,4312.833333,1.666666667,0,0,6747.5,2273,0,0,0,0,0,0,0,0,0,0,14.66666667,0,0,0,3115,728.6666667,0,0,25.16666667,108.5,0.666666667,0,0,0,0,0,0,0,0,0,0,0,0,0,1.666666667,22.33333333,0,0,0,0,0,0,28897.66667,1589.333333,595.1666667,339.6666667,213.1666667,156.6666667,133.8333333,120.1666667,110,453.5,112.6666667,132.8333333,162.8333333,223.3333333,330,652,1669.333333,4107.833333,0.014970124,0.013989164,0.015406444,0.013829771,479.0075167,680.1933214,415.2083083,726.7202982,0.761000354,0.660678282,0.792819286,0.637467846,12.89420702,13.07716847,12.81404565,13.10709013
CitraBatik/1-115.jpg,22798.5,0.666666667,0,0,4.5,9.5,0,0,0,0,0,0,0,0,0,0,4160.333333,1.166666667,0,0,6559.333333,2341.666667,0,0,0,0,0,0,0,0,0,0,17.83333333,0,0,0,3217.333333,734.3333333,0,0,26.66666667,105,1,0,0,0,0,0,0,0,0,0,0,0,0,0,0.833333333,21,0.333333333,0,0,0,0,0,28945.33333,1566.833333,602.6666667,333.5,215.8333333,143.8333333,126.3333333,120,86.66666667,445.8333333,115,130.1666667,160.1666667,211.3333333,323.1666667,630,1716.5,4126.833333,0.015063812,0.01407508,0.015501134,0.013926478,470.6903798,675.3194798,401.9909691,719.5133786,0.766557028,0.665151453,0.800597976,0.643237272,12.87919203,13.0669447,12.79425009,13.09629799
CitraBatik/1-116.jpg,22709.5,1.333333333,0,0,3.833333333,9.166666667,0,0,0,0,0,0,0,0,0,0,4039.5,1.333333333,0,0,6638.333333,2383,0,0,0,0,0,0,0,0,0,0,15.5,0,0,0,3258.166667,779.1666667,0,0,17.33333333,113.6666667,1.666666667,0,0,0,0,0,0,0,0,0,0,0,0,0,1.666666667,26.83333333,0,0,0,0,0,0,29047.66667,1561.833333,617,326.3333333,203.1666667,160.8333333,118.1666667,108.6666667,97,444,105.1666667,120.6666667,167.8333333,214.1666667,319.6666667,625.3333333,1723.166667,4039.333333,0.014976845,0.013965143,0.01543581,0.013875496,472.5672204,682.9856863,402.8126734,718.1373551,0.766175772,0.662135204,0.800695495,0.644747129,12.88594935,13.07654442,12.80108253,13.09956727
CitraBatik/1-117.jpg,22442,3,0,0,4.666666667,12.66666667,0,0,0,0,0,0,0,0,0,0,4091.166667,0.333333333,0,0,6946.166667,2406.166667,0,0,0,0,0,0,0,0,0,0,20.16666667,0,0,0,3126.333333,778.8333333,0,0,31,110.3333333,1.333333333,0,0,0,0,0,0,0,0,0,0.333333333,0,0,0,2,23.5,0,0,0,0,0,0,29002,1591.833333,615.3333333,323.5,216.3333333,165.5,121.5,107.8333333,117.6666667,455.6666667,104.5,126.1666667,170.1666667,221.5,331.3333333,634.3333333,1728.333333,3966.5,0.014917074,0.013919286,0.015417103,0.013806911,475.7025876,680.9717658,403.0480535,717.6801227,0.763716854,0.661822812,0.799808779,0.643594147,12.89209977,13.07941864,12.80225639,13.10282945
CitraBatik/1-118.jpg,22126.33333,1.5,0,0,4.666666667,10.16666667,0,0,0,0,0,0,0,0,0,0,4131.833333,1.5,0,0,7167,2425.833333,0,0,0,0,0,0,0,0,0,0,23.5,0,0,0,3166.333333,774.6666667,0,0,24,116.6666667,2,0,0,0,0,0,0,0,0,0,0,0,0,0,2.166666667,21.83333333,0,0,0,0,0,0,29035,1551.833333,599,314.5,218.6666667,161.1666667,125.8333333,131.6666667,105.3333333,430.8333333,112.5,129,155.6666667,228.1666667,339.1666667,654.1666667,1663.333333,4044.166667,0.014908926,0.013928558,0.015390726,0.013810789,467.6291277,672.3009695,396.3365288,710.6598424,0.766735963,0.664712918,0.802314691,0.64558177,12.88219101,13.07070012,12.79381207,13.0969025
CitraBatik/1-119.jpg,22132.33333,1.333333333,0,0,4.833333333,6.666666667,0,0,0,0,0,0,0,0,0,0,4090,0.833333333,0,0,7101.166667,2416.166667,0,0,0,0,0,0,0,0,0,0,20.83333333,0,0,0,3273.166667,806.3333333,0,0,22,104.5,1,0,0,0,0,0,0,0,0,0,0,0,0,0,2,16.83333333,0,0,0,0,0,0,29018.33333,1566.166667,599.3333333,350.1666667,206.5,151,134.3333333,119,109.8333333,451.3333333,119.3333333,133.5,166.1666667,224.8333333,341.8333333,644.5,1633.333333,4030.5,0.015175989,0.014153159,0.015594918,0.01402699,458.7600376,665.7556788,397.4206934,701.8348668,0.769460966,0.665498362,0.800345315,0.647370827,12.85291838,13.04719084,12.77557148,13.07045575
CitraBatik/1-12.jpg,21674.83333,0,0,0,3.833333333,10.33333333,0,0,0,0,0,0,0,0,0,0,4240.5,1.5,0,0,6359.333333,2098.5,0,0,0,0.333333333,0,0,0,0,0,0,54.83333333,0,0,0,4350.833333,965.6666667,0,0,54.5,125,1,0,0,0,0,0,0,0,0,0,0,0,0,0,7.166666667,51.83333333,0,0,0,0,0,0,29315.83333,1648.666667,664.1666667,333.8333333,211.5,180,136,120.6666667,106.8333333,469.6666667,131.6666667,142.1666667,171.6666667,245.3333333,353.5,648,1670.833333,3449.666667,0.014809178,0.013865011,0.01536917,0.013875736,528.5845242,737.4600064,424.6011362,756.0386233,0.756145907,0.659810068,0.804081171,0.651240556,12.96711274,13.14213441,12.85513821,13.14793732
CitraBatik/1-120.jpg,22088.16667,2.333333333,0,0,2,5.333333333,0,0,0,0,0,0,0,0,0,0,4047.166667,1.833333333,0,0,7159,2412.833333,0,0,0,0,0,0,0,0,0,0,17.83333333,0,0,0,3338.833333,794.1666667,0,0,23.33333333,88.66666667,0.666666667,0,0,0,0,0,0,0,0,0,0,0,0,0,1.166666667,16.66666667,0,0,0,0,0,0,29086.16667,1538.333333,621.1666667,317.5,216.5,165.5,130.6666667,99.83333333,104.8333333,453.8333333,111.6666667,131.6666667,165.6666667,230,333.5,640.3333333,1692.833333,3960,0.01522882,0.014188031,0.015666388,0.014061521,449.9602755,657.9902009,388.0140977,688.4068644,0.77187439,0.666438116,0.803267179,0.651017663,12.83590855,13.03552124,12.76014495,13.05679415
CitraBatik/1-13.jpg,21502.66667,0,0,0,3.666666667,11.83333333,0,0,0,0,0,0,0,0,0,0,4365,0.333333333,0,0,6648,2029,0,0,0,0,0,0,0,0,0,0,48.33333333,0,0,0,4214.5,958.3333333,0,0,46,114.8333333,2,0,0,0,0,0,0,0,0,0,0,0,0,0,8,47.5,0,0,0,0,0,0,29291.66667,1644.666667,603.1666667,333.8333333,226,162.3333333,130.5,115.5,121,447.8333333,121.8333333,128.8333333,182.3333333,225.8333333,343.5,658.1666667,1670.666667,3592.333333,0.014566795,0.013641623,0.015071047,0.013629439,521.2605718,731.9703725,416.8872807,747.0426274,0.756593655,0.658211264,0.805309768,0.651172239,12.9713879,13.14747277,12.85994739,13.15470569
CitraBatik/1-14.jpg,21397.16667,0.666666667,0,0,1.333333333,4.5,0,0,0,0,0,0,0,0,0,0,4336.166667,2.666666667,0,0,6677.166667,2086.166667,0,0,0,0,0,0,0,0,0,0,53.66666667,0,0,0,4251.5,995.1666667,0,0,40.5,101.6666667,1.666666667,0,0,0,0,0,0,0,0,0,0,0,0,0,4.833333333,44.83333333,0.333333333,0,0,0,0,0,29252.66667,1626.166667,647.6666667,337.5,236.3333333,166,130.8333333,115.1666667,107.3333333,453,125.6666667,139,156.1666667,219.5,348.1666667,636.6666667,1615,3687.166667,0.015026639,0.014050811,0.015543474,0.014010899,505.1087312,715.8183522,410.4489975,724.4797386,0.760535082,0.66067508,0.805452477,0.65657445,12.91911995,13.10164622,12.81394068,13.10683678
CitraBatik/1-15.jpg,21370.83333,0.666666667,0,0,4,2.833333333,0,0,0,0,0,0,0,0,0,0,4271.333333,0.666666667,0,0,6712.166667,2080.5,0,0,0,0,0,0,0,0,0,0,54.5,0,0,0,4343.666667,977.6666667,0,0,41.5,98.66666667,1.333333333,0,0,0,0,0,0,0,0,0,1,0,0,0,5.5,32.83333333,0.333333333,0,0,0,0,0,29271,1652,636.3333333,343.8333333,228.6666667,171.5,137.8333333,125.3333333,121.1666667,459,109,150.5,172.3333333,232,352.5,647.8333333,1668.666667,3520.5,0.014879297,0.013873384,0.015402285,0.013907829,499.452379,713.7625366,405.8525689,712.0783553,0.760376731,0.657601382,0.805290483,0.658408643,12.91743804,13.10488447,12.81215932,13.10125316
CitraBatik/1-16.jpg,21636.33333,0,0,0,11.83333333,8,0,0,0,0,0,0,0,0,0,0,5119.666667,0.333333333,0,0,7045.5,1595,0,0,0,0,0,0,0,0,0,0,38.83333333,0,0,0,3756.5,643,0,0,28.33333333,80.66666667,1.333333333,0,0,0,0,0,0,0,0,0,0,0,0,0,2.5,32.16666667,0,0,0,0,0,0,29002.5,1615.666667,635.5,353.3333333,218.6666667,168.1666667,138.5,125.8333333,120.6666667,462.3333333,121.6666667,135.1666667,186.5,251.5,349.1666667,677.6666667,1731.166667,3706,0.015866459,0.014809932,0.016255889,0.01468193,446.1925668,626.2514174,389.9700376,689.5564412,0.775330756,0.684717662,0.803642914,0.652846347,12.80311371,12.98840928,12.73119354,13.02793596
CitraBatik/1-17.jpg,21503.66667,0,0,0,5.5,9.166666667,0,0,0,0,0,0,0,0,0,0,5173.833333,0,0,0,6959.333333,1643.833333,0,0,0,0,0,0,0,0,0,0,39.33333333,0,0,0,3843.5,681.5,0,0,29.5,78,1.5,0,0,0,0,0,0,0,0,0,0,0,0,0,2.333333333,29,0,0,0,0,0,0,28913.33333,1585.666667,634.1666667,344.8333333,222,186,135.1666667,130.5,107,449.6666667,124.6666667,130.6666667,163.8333333,227.5,371.8333333,661.6666667,1746.333333,3865.166667,0.01567784,0.014677879,0.016175732,0.014569918,446.2320576,628.4957971,379.7559607,691.3599943,0.777572337,0.68678168,0.810700824,0.655451075,12.81596615,13.00023934,12.73093064,13.03796531
CitraBatik/1-18.jpg,21600.83333,0.333333333,0,0,5.666666667,4.5,0,0,0,0,0,0,0,0,0,0,4993.166667,0.333333333,0,0,6766.5,1709.166667,0,0,0,0,0,0,0,0,0,0,50.33333333,0,0,0,4015.666667,715.5,0,0,21.33333333,82.66666667,2,0,0,0,0,0,0,0,0,0,0.333333333,0,0,0,1.333333333,30.33333333,0,0,0,0,0,0,29143.83333,1623.333333,639.8333333,318.3333333,210.1666667,178.5,143.5,120.3333333,112.3333333,454.5,123,131.6666667,176.1666667,227.1666667,341.3333333,655.3333333,1608.166667,3792.5,0.01543322,0.014473023,0.015941417,0.01441167,461.8951419,652.442199,390.1883835,705.0916774,0.772121942,0.678178624,0.807536229,0.652209802,12.84454619,13.02732807,12.75337549,13.05455719
CitraBatik/1-19.jpg,21803.33333,0.333333333,0,0,5.666666667,5.166666667,0,0,0,0,0,0,0,0,0,0,4811.166667,1.666666667,0,0,6596.666667,1843,0,0,0,0,0,0,0,0,0,0,49.16666667,0,0,0,3958.5,778,0,0,23.5,92,1.666666667,0,0,0,0,0,0,0,0,0,0,0,0,0,1.166666667,29,0,0,0,0,0,0,29103.16667,1614.5,593.1666667,332.3333333,208.5,155,125,119,107.5,456.3333333,121,125.6666667,177.5,239.1666667,343,640.1666667,1657.833333,3881.166667,0.015304652,0.014337576,0.015787543,0.014288098,480.7340526,676.2675219,403.5777318,729.2567939,0.766510917,0.671601092,0.803974766,0.645868994,12.87448288,13.05432773,12.78230782,13.07890228
CitraBatik/1-2.jpg,21223,0,0,0,14.5,9,0,0,0,0,0,0,0,0,0,0,5236,0,0,0,7016,1610.333333,0,0,0,0,0,0,0,0,0,0,38.66666667,0,0,0,4009.833333,697.6666667,0,0,22,90.66666667,1.333333333,0,0,0,0,0,0,0,0,0,0,0,0,0,5.166666667,25.5,0.333333333,0,0,0,0,0,29005.5,1586.833333,656.5,356.3333333,222.8333333,171.6666667,142.6666667,116,119.5,457,143.1666667,144.6666667,182.5,231.6666667,370.3333333,694.8333333,1754.5,3643.5,0.015553815,0.014564945,0.015988285,0.014451071,453.218606,629.3895841,389.3145948,696.0966021,0.771806211,0.683153859,0.803989832,0.649574646,12.82750995,13.00518069,12.74870255,13.04559674
CitraBatik/1-20.jpg,21972,0,0,0,5.333333333,5.166666667,0,0,0,0,0,0,0,0,0,0,4687.666667,0.666666667,0,0,6426.666667,1897.666667,0,0,0,0,0,0,0,0,0,0,43.16666667,0,0,0,3996.5,791,0,0,29.66666667,97.66666667,1.5,0,0,0,0,0,0,0,0,0,0,0,0,0,3.666666667,41.66666667,0,0,0,0,0,0,28983.83333,1571.5,592.8333333,327.8333333,210.5,162.8333333,143.8333333,118,102.5,455.6666667,111.1666667,120.1666667,152.3333333,220.1666667,324.6666667,666,1696.166667,4040,0.015119849,0.014221143,0.015630294,0.014106708,493.2326711,688.7047,408.7408104,749.9259375,0.765457683,0.672576122,0.805715027,0.643469685,12.90431776,13.0777117,12.80676137,13.1110175
CitraBatik/1-21.jpg,21959.83333,0,0,0,2.833333333,6.5,0,0,0,0,0,0,0,0,0,0,4577.666667,0,0,0,6272.833333,1963.5,0,0,0,0,0,0,0,0,0,0,53.83333333,0,0,0,4132.833333,832.6666667,0,0,31.16666667,121.5,1.333333333,0,0,0,0,0,0,0,0,0,0,0,0,0,3.166666667,40.33333333,0,0,0,0,0,0,29026.33333,1564.5,600.1666667,319.1666667,206.1666667,158.6666667,135,115,106.1666667,446.6666667,111.3333333,124.6666667,172.8333333,221,342.1666667,656.6666667,1647.833333,4045.666667,0.014932704,0.014059306,0.015466727,0.013965261,512.3726169,707.6916289,418.7438722,767.7970845,0.761468264,0.670628448,0.805040592,0.64265461,12.94131734,13.10891857,12.83655657,13.14131741
CitraBatik/1-22.jpg,21943,1.166666667,0,0,3,7,0,0,0,0,0,0,0,0,0,0,4442.5,0,0,0,6263,2073,0,0,0,0,0,0,0,0,0,0,48.66666667,0,0,0,4123,863.3333333,0,0,52.5,115.1666667,2,0,0,0,0,0,0,0,0,0,0,0,0,0,8.333333333,54.33333333,0,0,0,0,0,0,29104.83333,1571.166667,585,324.6666667,217.8333333,166.5,139.5,106.1666667,114.5,445.5,107.8333333,138.8333333,167.3333333,217.8333333,337,626,1656.5,3973,0.014886102,0.013982008,0.015370065,0.0139212,518.1904007,721.2639194,421.1499332,770.4639604,0.763582142,0.671024971,0.807969496,0.648585257,12.96076203,13.13316181,12.85525977,13.15798914
CitraBatik/1-23.jpg,21963,0,0,0,4.833333333,9,0,0,0,0,0,0,0,0,0,0,4400.666667,1.166666667,0,0,6269.5,2093.5,0,0,0,0,0,0,0,0,0,0,47,0,0,0,4052.666667,921.3333333,0,0,47.5,120.1666667,1.333333333,0,0,0,0,0,0,0,0,0,0,0,0,0,6.833333333,61.16666667,0.333333333,0,0,0,0,0,29097.33333,1581.666667,584.3333333,332.6666667,216.3333333,161.5,134.3333333,113.5,102,438,107.3333333,121.8333333,151.5,207.6666667,307.3333333,589.5,1619.333333,4133.833333,0.014598026,0.013762606,0.015174274,0.013696163,531.4842696,738.7194363,424.258208,781.8007623,0.759534724,0.665868775,0.808015182,0.646381695,12.99281028,13.16061628,12.87537575,13.18226925
CitraBatik/1-24.jpg,22246.83333,0,0,0,4,6.833333333,0,0,0,0,0,0,0,0,0,0,4116.5,0.333333333,0,0,6022,2112,0,0,0,0,0,0,0,0,0,0,45.83333333,0,0,0,4267.666667,931.1666667,0,0,49.33333333,129.8333333,1.333333333,0,0,0,0,0,0,0,0,0,0,0,0,0,7.333333333,59,0,0,0,0,0,0,29052.5,1587.5,589.3333333,312.3333333,201,155.3333333,133.3333333,108.3333333,105.5,442.5,112.6666667,138.1666667,160.6666667,200,319.5,615,1681.5,4084.833333,0.01484802,0.013976244,0.015370142,0.013902705,547.6379716,750.8245614,440.0419507,798.1803172,0.75564907,0.66507791,0.803702808,0.643953929,12.99269047,13.15640293,12.88122997,13.18120994
CitraBatik/1-25.jpg,22332.16667,0.333333333,0,0,2,6.166666667,0,0,0,0,0,0,0,0,0,0,4087.166667,1.5,0,0,5836.5,2158.333333,0,0,0,0,0,0,0,0,0,0,50.16666667,0,0,0,4343,941,0,0,51.83333333,127.6666667,1.666666667,0,0,0,0,0,0,0,0,0,0,0,0,0,6.666666667,53.83333333,0,0,0,0,0,0,29068.5,1565.833333,591.8333333,320.3333333,215.8333333,150.8333333,127.6666667,110.8333333,86.16666667,439.1666667,111,132.3333333,158.5,229.6666667,331.6666667,608.1666667,1640.666667,4111,0.014789694,0.013956044,0.015388667,0.013897848,536.3301252,746.5728553,423.7476483,785.4426843,0.760444303,0.66664388,0.810703092,0.649287005,12.98488851,13.1541567,12.86510738,13.1727833
CitraBatik/1-26.jpg,22220.33333,0.666666667,0,0,5.5,8.666666667,0,0,0,0,0,0,0,0,0,0,4048.666667,0,0,0,5915.666667,2205.333333,0,0,0,0,0,0,0,0,0,0,44.33333333,0,0,0,4337.5,966.6666667,0,0,51.5,131.5,2,0,0,0,0,0,0,0,0,0,0,0,0,0,8.666666667,52.66666667,0.333333333,0,0,0,0,0,29158.33333,1597.333333,597.6666667,306.1666667,203.6666667,152.1666667,121.8333333,113,102,432.5,108.3333333,125.3333333,170.6666667,208,311.3333333,605.5,1565.833333,4120.333333,0.014715068,0.013846887,0.015300132,0.013845943,537.7190693,754.5057468,424.7608855,779.474383,0.759744847,0.662989849,0.810232184,0.651841317,12.99300374,13.1663677,12.87261451,13.1754152
CitraBatik/1-27.jpg,21955,1,0,0,4.833333333,8,0,0,0,0,0,0,0,0,0,0,4091.333333,0.666666667,0,0,6275.166667,2234.5,0,0,0,0,0,0,0,0,0,0,45.5,0,0,0,4153.666667,983.3333333,0,0,54.16666667,132,1.333333333,0,0,0,0,0,0,0,0,0,0.333333333,0,0,0,7.166666667,51.66666667,0.333333333,0,0,0,0,0,29129.16667,1645.666667,612.3333333,322.1666667,202.1666667,155.1666667,118.3333333,115.3333333,97.83333333,442.6666667,117,114,160.6666667,220.6666667,319,629.8333333,1611.333333,3986.666667,0.014733162,0.013829687,0.015292145,0.013815946,532.0399833,743.7463442,419.1882206,768.4482575,0.759897752,0.664453307,0.810839384,0.653309949,12.9843472,13.15774926,12.86359473,13.16804244
CitraBatik/1-28.jpg,21770.5,1,0,0,2,8.333333333,0,0,0,0,0,0,0,0,0,0,4139.833333,0.833333333,0,0,6510.833333,2183.5,0,0,0,0,0,0,0,0,0,0,45.66666667,0,0,0,4156.166667,933.6666667,0,0,52.33333333,125.8333333,1.833333333,0,0,0,0,0,0,0,0,0,0,0,0,0,8.666666667,58.66666667,0.333333333,0,0,0,0,0,29145.33333,1608.5,590,324.3333333,203.5,163.5,134.6666667,113.3333333,104,448,115.1666667,123.6666667,150.3333333,234,341.6666667,612.5,1596.166667,3991.333333,0.014696555,0.01380955,0.015289759,0.013781432,521.5445367,734.451132,410.8578112,753.9046113,0.762002675,0.664944832,0.812544082,0.656070245,12.9713216,13.14799776,12.84983997,13.15735667
CitraBatik/1-29.jpg,21716,0,0,0,2.333333333,3.666666667,0,0,0,0,0,0,0,0,0,0,4149.5,0.333333333,0,0,6495.166667,2214.333333,0,0,0,0,0,0,0,0,0,0,52,0,0,0,4211.5,937.8333333,0,0,43.66666667,120.1666667,1.333333333,0,0,0,0,0,0,0,0,0,0,0,0,0,6.333333333,45.5,0.333333333,0,0,0,0,0,29270.33333,1582.833333,611,322,210.3333333,148,122.6666667,113.5,101.5,442.8333333,116,130.5,159.3333333,231.8333333,326.3333333,619.3333333,1633,3858.666667,0.014815005,0.013882026,0.015372564,0.013879002,512.8581177,728.6947712,408.5237135,738.6107715,0.762909739,0.663231407,0.811240394,0.65865041,12.95035344,13.13111382,12.83496524,13.13569892
CitraBatik/1-3.jpg,21309.33333,0.333333333,0,0,6.166666667,5.833333333,0,0,0,0,0,0,0,0,0,0,5045,0,0,0,6877,1636.333333,0,0,0,0,0,0,0,0,0,0,52,0,0,0,4193.666667,738,0,0,25.33333333,79.83333333,0.666666667,0,0,0,0,0,0,0,0,0,0.333333333,0,0,0,1.833333333,28.33333333,0,0,0,0,0,0,29095.5,1665.666667,661,353.3333333,234.5,171.1666667,143.1666667,125,117.5,461.5,122.6666667,152.6666667,188.1666667,239.8333333,364.3333333,663,1669,3572,0.015472346,0.014462739,0.015948055,0.014406353,466.5497579,649.2614843,398.9589181,707.5417007,0.767409278,0.676376763,0.801127093,0.647327018,12.84337357,13.02111719,12.75835235,13.05313366
CitraBatik/1-30.jpg,21623.83333,0.666666667,0,0,1.666666667,2.166666667,0,0,0,0,0,0,0,0,0,0,4108.666667,0.333333333,0,0,6530.833333,2262.833333,0,0,0,0,0,0,0,0,0,0,52.16666667,0,0,0,4240.333333,968.3333333,0,0,40.16666667,118.6666667,1.333333333,0,0,0,0,0,0,0,0,0,0,0.666666667,0,0,8.833333333,38.16666667,0.333333333,0,0,0,0,0,29216,1618.5,608,326.3333333,199.6666667,174.1666667,130.6666667,114.8333333,105.3333333,457.6666667,108,123.1666667,167,221.6666667,348.8333333,602.8333333,1633.666667,3843.666667,0.014924587,0.013929298,0.015450042,0.01394583,499.0259683,717.7152564,399.0207435,720.369852,0.765679584,0.66310129,0.812665128,0.661854744,12.92462797,13.11321671,12.81136228,13.11425772
CitraBatik/1-31.jpg,22273.83333,0.666666667,0,0,6.5,6.333333333,0,0,0,0,0,0,0,0,0,0,5163,0,0,0,6999.5,1559,0,0,0,0,0,0,0,0,0,0,19.33333333,0,0,0,3198.833333,638.1666667,0,0,32,72.83333333,2,0,0,0,0,0,0,0,0,0,0,0,0,0,2.666666667,25.33333333,0,0,0,0,0,0,29008.33333,1599.666667,636.3333333,329,212.6666667,175.8333333,149.1666667,132.6666667,114,452.3333333,143.3333333,143.1666667,161.1666667,232.3333333,349.6666667,669.3333333,1742.166667,3748.833333,0.015733033,0.014780154,0.016241083,0.014653425,455.3694407,646.5935791,399.950685,705.8551596,0.770619915,0.674342068,0.798522992,0.644493024,12.81917486,13.00312312,12.7444201,13.03879512
CitraBatik/1-32.jpg,22178,0,0,0,6.166666667,4.833333333,0,0,0,0,0,0,0,0,0,0,5137.666667,0,0,0,6959,1647.5,0,0,0,0,0,0,0,0,0,0,24.5,0,0,0,3234,670.5,0,0,24.5,80.66666667,2,0,0,0,0,0,0,0,0,0,0,0,0,0,2.5,27.83333333,0.333333333,0,0,0,0,0,29004.16667,1618.5,629.1666667,337.1666667,207.8333333,153.5,130.3333333,113.8333333,109.5,451.8333333,112.5,142,162.1666667,232,357,640.5,1665.5,3932.5,0.015788371,0.014857242,0.016329485,0.014745458,456.3196578,646.3129192,388.7675021,705.1630579,0.772372254,0.677657729,0.806056848,0.648307042,12.81661157,12.99856019,12.7283126,13.03322038
CitraBatik/1-33.jpg,22423.33333,0,0,0,6,5.666666667,0,0,0,0,0,0,0,0,0,0,4928,0,0,0,6756.833333,1706.833333,0,0,0,0,0,0,0,0,0,0,25.33333333,0,0,0,3313.666667,702.8333333,0,0,26.83333333,73.33333333,1.666666667,0,0,0,0,0,0,0,0,0,0,0,0,0,2.333333333,27.33333333,0,0,0,0,0,0,29081.16667,1622.5,604.3333333,329,228.5,168.5,131,115.3333333,103.6666667,454.8333333,115.5,141.6666667,155.3333333,228.8333333,346.5,634,1666.166667,3873.166667,0.015675934,0.014728214,0.016190068,0.014646336,469.9123998,668.4863118,400.4362907,721.0808239,0.767602091,0.669458229,0.801972002,0.643450061,12.83412078,13.01722976,12.74900716,13.04458312
CitraBatik/1-34.jpg,22603.83333,0.333333333,0,0,3,7.333333333,0,0,0,0,0,0,0,0,0,0,4793.666667,0.333333333,0,0,6604.666667,1788,0,0,0,0,0,0,0,0,0,0,33.16666667,0,0,0,3260,763.3333333,0,0,20.83333333,91.16666667,1.333333333,0,0,0,0,0,0,0,0,0,0,0,0,0,2.166666667,26.83333333,0,0,0,0,0,0,29011.33333,1619.166667,588.5,331.6666667,220.8333333,154.6666667,144.8333333,113.8333333,112.3333333,449.6666667,120.1666667,129.8333333,163,210.3333333,348.6666667,618.6666667,1660.666667,4001.833333,0.015603979,0.014657566,0.016055732,0.014579832,490.1811352,693.9332597,415.1625564,748.0706524,0.762083694,0.663260319,0.798498175,0.636989821,12.86370898,13.04223139,12.7774497,13.06980008
CitraBatik/1-35.jpg,22743.66667,0.666666667,0,0,2.5,6,0,0,0,0,0,0,0,0,0,0,4621.166667,1.833333333,0,0,6485.333333,1858,0,0,0,0,0,0,0,0,0,0,33.33333333,0,0,0,3275.833333,799.3333333,0,0,32.16666667,94,1.333333333,0,0,0,0,0,0,0,0,0,0,0,0,0,2.666666667,42.16666667,0,0,0,0,0,0,28972.66667,1601.833333,592.6666667,308.1666667,203.6666667,155.5,139.1666667,125.3333333,99.83333333,449,100.5,134.8333333,170,225.8333333,325.8333333,623.8333333,1687.5,4083.833333,0.015389404,0.014506783,0.015892268,0.014390902,505.9746828,708.7573734,420.9529741,771.76057,0.760026007,0.663930643,0.800448446,0.634057088,12.89972898,13.07116193,12.80491681,13.10455248
CitraBatik/1-36.jpg,22742.33333,0.833333333,0,0,4.666666667,6.166666667,0,0,0,0,0,0,0,0,0,0,4484.166667,0,0,0,6377.5,1923.666667,0,0,0,0,0,0,0,0,0,0,33,0,0,0,3388.833333,853.3333333,0,0,34.16666667,111.1666667,0.666666667,0,0,0,0,0,0,0,0,0,0,0.333333333,0,0,3.833333333,35.33333333,0,0,0,0,0,0,28979.16667,1578.166667,599.3333333,333.5,209.6666667,164,134.8333333,123.6666667,111.5,445.8333333,118.5,144,156.8333333,215.8333333,326.8333333,614.6666667,1687.833333,4055.833333,0.015165609,0.014303092,0.015688854,0.014198093,521.171899,725.7769465,431.8771596,786.5985958,0.758343148,0.663565281,0.799745706,0.635370414,12.93293782,13.10141467,12.83630793,13.13435286
CitraBatik/1-37.jpg,22719.83333,0.333333333,0,0,3.833333333,5.833333333,0,0,0,0,0,0,0,0,0,0,4383,0,0,0,6264.666667,2000.833333,0,0,0,0,0,0,0,0,0,0,32.83333333,0,0,0,3457,894.8333333,0,0,55.83333333,121.5,2.333333333,0,0,0,0,0,0,0,0,0,0,0,0,0,5.666666667,51.66666667,0,0,0,0,0,0,29093.66667,1600.833333,608,292.1666667,206,146.1666667,129.1666667,113.3333333,97,443.1666667,116.3333333,135,166.8333333,210.6666667,327.1666667,606.8333333,1645,4062.666667,0.015104343,0.014228471,0.015590423,0.01416159,531.4841528,743.1639575,434.4054344,792.6994866,0.759501324,0.663814993,0.803552234,0.641408548,12.96153382,13.13169215,12.85933086,13.15711615
CitraBatik/1-38.jpg,22652.5,0,0,0,4.833333333,5.5,0,0,0,0,0,0,0,0,0,0,4285.166667,0,0,0,6328,2049,0,0,0,0,0,0,0,0,0,0,31.5,0,0,0,3525.5,886,0,0,44.16666667,124.1666667,1.666666667,0,0,0,0,0,0,0,0,0,0.333333333,0,0,0,6.666666667,54.66666667,0.333333333,0,0,0,0,0,29062.33333,1559.666667,596,328,206.1666667,140.1666667,119.8333333,112.8333333,101.3333333,448.6666667,116.6666667,139.5,150,208.3333333,316,613.1666667,1619.666667,4161.666667,0.01486039,0.014046036,0.015459137,0.013962382,545.0440067,756.6216878,436.6517419,805.3376513,0.755646261,0.660898467,0.804217555,0.639064623,12.98987616,13.15407412,12.87373438,13.1786728
CitraBatik/1-39.jpg,23020.66667,0.333333333,0,0,2.166666667,6.333333333,0,0,0,0,0,0,0,0,0,0,4063.666667,0.333333333,0,0,5982.5,2058.666667,0,0,0,0,0,0,0,0,0,0,30.83333333,0,0,0,3645.333333,944.6666667,0,0,57.83333333,126.5,1.666666667,0,0,0,0,0,0,0,0,0,0,0,0,0,5.5,52.33333333,0.666666667,0,0,0,0,0,29051.16667,1582.333333,553.8333333,312.5,208.1666667,141,116.3333333,113.8333333,96.5,455.1666667,108.5,122,160.6666667,193.8333333,316.6666667,620.8333333,1644.833333,4201.833333,0.014755766,0.013970073,0.015316781,0.013845292,565.053172,778.6220016,457.9842272,831.0484893,0.750845686,0.656771115,0.798092838,0.633662071,13.01559149,13.17744785,12.90761935,13.20381414
CitraBatik/1-4.jpg,21450.66667,0.666666667,0,0,6.833333333,8,0,0,0,0,0,0,0,0,0,0,4922.833333,0,0,0,6659.5,1775.5,0,0,0,0,0,0,0,0,0,0,55.33333333,0,0,0,4195.833333,775.5,0,0,27.5,87.83333333,1.666666667,0,0,0,0,0,0,0,0,0,0,0,0,0,2.333333333,30,0,0,0,0,0,0,29165.66667,1618,649.6666667,337.5,215.1666667,165.1666667,133.8333333,113.5,115.5,446.3333333,126.3333333,141.5,173,240.1666667,354,653.3333333,1652.5,3698.833333,0.015350758,0.014350867,0.015794775,0.01428569,481.6658472,670.6053657,411.5486508,726.4621487,0.763367449,0.670605582,0.797804858,0.643168959,12.86808868,13.04567956,12.78565006,13.07345555
CitraBatik/1-40.jpg,23198.5,0.333333333,0,0,3.833333333,6.666666667,0,0,0,0,0,0,0,0,0,0,3963.333333,1.166666667,0,0,5773,2105.833333,0,0,0,0,0,0,0,0,0,0,31.33333333,0,0,0,3708.666667,961.1666667,0,0,55.5,130.5,1.333333333,0,0,0,0,0,0,0,0,0,0,0,0,0,7.333333333,51.16666667,0.333333333,0,0,0,0,0,29073.66667,1568.5,575.6666667,337.8333333,215.5,148.8333333,116.1666667,97.5,99.33333333,449,115.3333333,122.5,161.3333333,193.6666667,316.1666667,586,1644,4179,0.014977394,0.014150967,0.015558735,0.014089553,551.501515,770.4704374,439.7039432,811.4805754,0.75655569,0.660007056,0.805879414,0.64190982,12.99157771,13.15996009,12.8753663,13.17955739
CitraBatik/1-41.jpg,23080.33333,0.333333333,0,0,4,3.833333333,0,0,0,0,0,0,0,0,0,0,3868.833333,0.333333333,0,0,5937.166667,2162.5,0,0,0,0,0,0,0,0,0,0,34.16666667,0,0,0,3678.5,976.6666667,0,0,54.16666667,134.5,2.666666667,0,0,0,0,0,0,0,0,0,0,0,0,0,6.333333333,55.66666667,0,0,0,0,0,0,29154.66667,1562,609.5,296.6666667,200.6666667,159,127.6666667,106.1666667,107.3333333,446.6666667,100.3333333,123,147.5,205.1666667,311.3333333,580.6666667,1597.666667,4164,0.01491223,0.014057756,0.015479154,0.014028657,549.5087688,774.289095,439.3947034,804.2619654,0.757232301,0.658026281,0.805884852,0.644788871,12.99458068,13.16666837,12.88124082,13.17870604
CitraBatik/1-42.jpg,22761.16667,0,0,0,4.833333333,6.833333333,0,0,0,0,0,0,0,0,0,0,4009,0.333333333,0,0,6248.833333,2141.333333,0,0,0,0,0,0,0,0,0,0,35.83333333,0,0,0,3545.333333,998.6666667,0,0,57.66666667,130.3333333,1.333333333,0,0,0,0,0,0,0,0,0,0,0,0,0,6.5,52,0,0,0,0,0,0,29030,1608.5,594.6666667,312.6666667,210,150.1666667,140.3333333,107.5,108.8333333,450,112.6666667,135.5,141.1666667,216.6666667,332,622.8333333,1647.166667,4079.333333,0.014975066,0.014108448,0.015543589,0.014068929,544.1948623,763.3872327,431.9977026,791.461337,0.757129536,0.659417394,0.807228955,0.646890837,12.98343249,13.15598697,12.86731487,13.16836936
CitraBatik/1-43.jpg,22533.16667,0.333333333,0,0,5,9.833333333,0,0,0,0,0,0,0,0,0,0,3991.833333,0.666666667,0,0,6505.5,2156.833333,0,0,0,0,0,0,0,0,0,0,34.33333333,0,0,0,3563.333333,964,0,0,50.16666667,120.8333333,1.5,0,0,0,0,0,0,0,0,0,0.333333333,0,0,0,5.666666667,56.33333333,0.333333333,0,0,0,0,0,29128.83333,1631.333333,597.1666667,326.5,218.8333333,162,117.6666667,109,98.83333333,437.8333333,115.1666667,130,144.6666667,217.6666667,325.8333333,615.8333333,1636.166667,3986.666667,0.014825228,0.013971457,0.015442245,0.013938729,539.3589065,759.3850319,425.3176901,780.9861883,0.757470579,0.658659812,0.808794118,0.648951147,12.98422764,13.1562758,12.86102964,13.16679412
CitraBatik/1-44.jpg,22520.5,0.333333333,0,0,1.166666667,3.333333333,0,0,0,0,0,0,0,0,0,0,3964.166667,0.333333333,0,0,6403.333333,2231.333333,0,0,0,0,0,0,0,0,0,0,36,0,0,0,3641.666667,987.6666667,0,0,37.66666667,117.6666667,1.166666667,0,0,0,0,0,0,0,0,0,0,0.333333333,0,0,7.5,45.5,0.333333333,0,0,0,0,0,29189,1596.833333,623,313.6666667,202.3333333,155,130.1666667,107.1666667,100.6666667,441.1666667,110.5,132.5,155.6666667,198.8333333,323.1666667,618.3333333,1614.333333,3987.666667,0.01498864,0.014071306,0.015559672,0.014060968,525.4876669,750.3610236,424.3446909,764.5443701,0.760510351,0.658141543,0.806707818,0.65167946,12.95553746,13.13550539,12.84555802,13.14176705
CitraBatik/1-45.jpg,22493.33333,0,0,0,0.5,5.5,0,0,0,0,0,0,0,0,0,0,3923.333333,0,0,0,6513.833333,2295,0,0,0,0,0,0,0,0,0,0,35.5,0,0,0,3545.5,987.3333333,0,0,40.33333333,112.8333333,1.666666667,0,0,0,0,0,0,0,0,0,0,0,0,0,7.5,37.83333333,0,0,0,0,0,0,29149.83333,1626.5,585.5,303.6666667,206.1666667,160.1666667,127.1666667,114.3333333,96.5,449.3333333,113.6666667,131.3333333,164.1666667,211.8333333,338,607.5,1608.833333,4005.5,0.015135281,0.01417606,0.015666563,0.01416369,512.6671745,740.6651646,414.968751,747.8653478,0.762657189,0.657206224,0.807903121,0.653873599,12.93000333,13.11623438,12.8222494,13.11937146
CitraBatik/1-46.jpg,21958.83333,1.666666667,0,0,5,7,0,0,0,0,0,0,0,0,0,0,5409.333333,0,0,0,7094.166667,1593.166667,0,0,0,0,0,0,0,0,0,0,22.83333333,0,0,0,3172.833333,602.1666667,0,0,27.16666667,74.5,1,0,0,0,0,0,0,0,0,0,0,0,0,0,2.5,27.83333333,0,0,0,0,0,0,29020.16667,1603.833333,636.1666667,350.3333333,218.3333333,168.3333333,145,123.6666667,100.5,445.6666667,121.3333333,138.8333333,166.8333333,217.1666667,345.6666667,655.3333333,1730.833333,3812,0.015780251,0.014781159,0.016140156,0.01465973,449.709303,641.238363,407.0799582,700.2502626,0.770740617,0.673219502,0.79249514,0.643148144,12.81319439,12.99984791,12.75398091,13.03550104
CitraBatik/1-47.jpg,21931.83333,3.333333333,0,0,3.666666667,4,0,0,0,0,0,0,0,0,0,0,5396.333333,1.5,0,0,6988.333333,1705.166667,0,0,0,0,0,0,0,0,0,0,23.16666667,0,0,0,3155.166667,648.1666667,0,0,27.16666667,79,1.333333333,0,0,0,0,0,0,0,0,0,0.333333333,0,0,0,3.166666667,28.33333333,0,0,0,0,0,0,28981.5,1571.5,622.6666667,332.1666667,212.6666667,157.1666667,122.6666667,116.3333333,99.83333333,439.5,116.8333333,142.1666667,163.8333333,217.8333333,342.8333333,644.3333333,1701.5,4014.666667,0.01566964,0.014691602,0.01604907,0.014574692,452.3643865,645.3501199,398.7994319,706.729407,0.771530188,0.674183475,0.798600932,0.643194464,12.82214913,13.00790896,12.75293919,13.04472252
CitraBatik/1-48.jpg,22169.66667,1,0,0,8.166666667,10,0,0,0,0,0,0,0,0,0,0,5211,0.666666667,0,0,6836.166667,1722.666667,0,0,0,0,0,0,0,0,0,0,29.33333333,0,0,0,3189.166667,688.6666667,0,0,22,74,1.333333333,0,0,0,0,0,0,0,0,0,0.333333333,0,0,0,2,33.83333333,0,0,0,0,0,0,29093.83333,1637.166667,620.1666667,333.6666667,213.5,148.3333333,115.6666667,108,102.1666667,459.8333333,103.5,137,170.1666667,229.8333333,319.6666667,631,1654.833333,3921.666667,0.015558205,0.014595796,0.015939932,0.014503861,463.6130676,667.1104682,408.1745238,718.3006808,0.767841957,0.666056108,0.795663343,0.640430759,12.83510171,13.02053167,12.76670403,13.05126149
CitraBatik/1-49.jpg,22391.5,3.166666667,0,0,4.166666667,5.5,0,0,0,0,0,0,0,0,0,0,5017.333333,0.333333333,0,0,6623.833333,1872.833333,0,0,0,0,0,0,0,0,0,0,35.33333333,0,0,0,3186,715.5,0,0,21.5,92,2,0,0,0,0,0,0,0,0,0,0,0,0,0,1.666666667,27.33333333,0,0,0,0,0,0,29085.33333,1578.333333,597.3333333,363.1666667,203.8333333,144.1666667,126.3333333,108.8333333,111,444.3333333,116.8333333,124.8333333,171.8333333,212,334.3333333,636.3333333,1651.666667,3989.5,0.015416963,0.014474241,0.015818471,0.014380429,486.9336686,695.2933251,425.6822723,747.6111857,0.761172291,0.65912614,0.791268386,0.633479629,12.87376403,13.0563579,12.80200739,13.08348006
CitraBatik/1-5.jpg,21510.33333,0,0,0,7.666666667,8.5,0,0,0,0,0,0,0,0,0,0,4830.833333,0.333333333,0,0,6512,1844.666667,0,0,0,0,0,0,0,0,0,0,55.5,0,0,0,4241.833333,820,0,0,33.16666667,92.16666667,1,0,0,0,0,0,0,0,0,0,0,0,0,0,2.666666667,39.33333333,0,0,0,0,0,0,29091.66667,1608.833333,618.6666667,342.1666667,210.8333333,162.8333333,147.8333333,114.6666667,116.1666667,455.6666667,107.3333333,146.3333333,161.3333333,244.5,357.1666667,668.3333333,1714.833333,3730.833333,0.014893575,0.013963273,0.015293007,0.013858936,495.7043823,689.0666775,417.2421011,749.2222083,0.760949933,0.667740051,0.798832737,0.638734253,12.91587411,13.08914886,12.82926365,13.12186423
CitraBatik/1-50.jpg,22452.5,0.333333333,0,0,2.666666667,5.5,0,0,0,0,0,0,0,0,0,0,4866.666667,0,0,0,6520.666667,1925.833333,0,0,0,0,0,0,0,0,0,0,33,0,0,0,3260.166667,749.1666667,0,0,33.83333333,98.5,2.333333333,0,0,0,0,0,0,0,0,0,0,0,0,0,3.5,45.33333333,0,0,0,0,0,0,28901,1606.333333,565.3333333,318,211.5,152,118.3333333,108.8333333,102.8333333,435.5,108.6666667,123.1666667,155.5,205,309,635,1707.833333,4236.166667,0.01509339,0.014232906,0.015506279,0.014114467,500.9682179,707.2707855,430.1446115,770.4434458,0.760189875,0.661592544,0.794234333,0.631368824,12.91661293,13.08802639,12.83719417,13.12476929
CitraBatik/1-51.jpg,22624.5,1,0,0,2.5,9.166666667,0,0,0,0,0,0,0,0,0,0,4660.333333,0.333333333,0,0,6308,1992.166667,0,0,0,0,0,0,0,0,0,0,34.5,0,0,0,3373.666667,809.8333333,0,0,33.83333333,104,1,0,0,0,0,0,0,0,0,0,0,0,0,0,3.166666667,41.33333333,0.666666667,0,0,0,0,0,29011.16667,1531.5,604.3333333,310.1666667,208,146,126.8333333,128.1666667,109.1666667,448.1666667,104.6666667,131,146.8333333,199.5,350.8333333,631,1657.666667,4155,0.015074286,0.014228757,0.015509549,0.014101635,519.1601753,728.2963084,443.1176358,790.1134556,0.757543366,0.660043676,0.793097723,0.6311887,12.94249516,13.11120016,12.85874144,13.144202
CitraBatik/1-52.jpg,22560.33333,1,0,0,2.666666667,8.833333333,0,0,0,0,0,0,0,0,0,0,4529.333333,0.833333333,0,0,6325,2038.666667,0,0,0,0,0,0,0,0,0,0,31.83333333,0,0,0,3409.333333,858.8333333,0,0,43.5,130.8333333,1.666666667,0,0,0,0,0,0,0,0,0,0.333333333,0,0,0,5.333333333,51.66666667,0,0,0,0,0,0,28996.16667,1582.5,604,313.6666667,200.8333333,161.5,120.8333333,110,99.83333333,453.6666667,113.5,128,156.5,212.1666667,347.3333333,595.8333333,1641.333333,4162.333333,0.014795291,0.013940615,0.015225884,0.013856438,529.9948706,746.8673185,444.6721178,794.2193254,0.7586705,0.660101831,0.797700756,0.638553136,12.98184412,13.15500163,12.89264483,13.17991973
CitraBatik/1-53.jpg,22412,0.5,0,0,3,11.66666667,0,0,0,0,0,0,0,0,0,0,4440.833333,1,0,0,6380.833333,2065.333333,0,0,0,0,0,0,0,0,0,0,20.66666667,0,0,0,3531,895.6666667,0,0,48.83333333,126.8333333,2,0,0,0,0,0,0,0,0,0,0,0,0,0,6.666666667,52.83333333,0.333333333,0,0,0,0,0,29101,1557.666667,601.8333333,303.1666667,200.8333333,156.5,119.6666667,102.8333333,98.5,440.3333333,113.1666667,120.5,159,206.1666667,323.8333333,611.5,1615.333333,4168.166667,0.014612567,0.013797784,0.015068701,0.013717105,542.1656594,759.5643868,447.1621679,807.1359241,0.755904948,0.658226085,0.798717341,0.636820579,13.00726178,13.17489161,12.90783664,13.19960916
CitraBatik/1-54.jpg,22751.16667,0,0,0,4.333333333,9.833333333,0,0,0,0,0,0,0,0,0,0,4165.666667,0.666666667,0,0,6075.333333,2110.666667,0,0,0,0,0,0,0,0,0,0,32.33333333,0,0,0,3703.833333,902.8333333,0,0,50.5,127,1,0,0,0,0,0,0,0,0,0,0,0,0,0,7.333333333,57.5,0,0,0,0,0,0,28972.83333,1584.333333,571.5,293.1666667,197.3333333,164.8333333,120.8333333,105.3333333,95.33333333,454.3333333,111,135.1666667,142.1666667,210.1666667,309,607.3333333,1675.5,4249.833333,0.014800671,0.013978713,0.015269542,0.013866743,558.059303,772.1147903,464.9764369,826.1357107,0.75216967,0.657300573,0.793583437,0.633322991,13.01289415,13.17489464,12.91711473,13.20366511
CitraBatik/1-55.jpg,23028.16667,0.333333333,0,0,5.666666667,7,0,0,0,0,0,0,0,0,0,0,4116.333333,0.333333333,0,0,5781.5,2185.666667,0,0,0,0,0,0,0,0,0,0,32.33333333,0,0,0,3666.833333,923.3333333,0,0,54.5,128.8333333,2,0,0,0,0,0,0,0,0,0,0.333333333,0,0,0,6.666666667,59.83333333,0.333333333,0,0,0,0,0,28995.66667,1541.5,593,309.6666667,207,142.5,124.5,104.6666667,100.8333333,435.5,93.83333333,118,157.6666667,217.6666667,332.6666667,606.6666667,1591.833333,4326.833333,0.014869975,0.014037263,0.015320523,0.013942697,548.0117696,769.7948879,450.3530033,815.9492554,0.75677113,0.658501343,0.800132192,0.638027167,12.99880561,13.16874572,12.89989531,13.19139236
CitraBatik/1-56.jpg,22895.83333,0.666666667,0,0,3.333333333,9.166666667,0,0,0,0,0,0,0,0,0,0,3970.666667,0.666666667,0,0,5970.166667,2274.166667,0,0,0,0,0,0,0,0,0,0,31.33333333,0,0,0,3646.833333,951,0,0,40.16666667,129.8333333,2,0,0,0,0,0,0,0,0,0,0.333333333,0,0,0,6.833333333,67,0,0,0,0,0,0,29103.5,1585.5,571,301.1666667,183.3333333,146.1666667,117.1666667,106.1666667,94.33333333,435.8333333,93,122.3333333,144.5,194.6666667,295.8333333,612.6666667,1643,4249.833333,0.014742591,0.013869447,0.015211178,0.013838574,547.2896035,774.9503182,449.5834419,808.8378668,0.757269504,0.656449285,0.800651217,0.641428338,13.0049407,13.17909129,12.9041297,13.19509795
CitraBatik/1-57.jpg,22495.83333,2,0,0,4.833333333,8.166666667,0,0,0,0,0,0,0,0,0,0,4043.833333,0.666666667,0,0,6316.166667,2243.166667,0,0,0,0,0,0,0,0,0,0,37,0,0,0,3636.5,953,0,0,58,136.8333333,2.333333333,0,0,0,0,0,0,0,0,0,0,0,0,0,7.166666667,54.5,0,0,0,0,0,0,29134.16667,1562.5,580.1666667,324,200.8333333,143.3333333,124,116.3333333,97.16666667,441.5,107.5,126.1666667,150.5,214.5,304.1666667,619.6666667,1627.833333,4125.666667,0.014652244,0.013802161,0.015189987,0.013749496,546.0965568,765.2180702,443.7485422,800.8997326,0.755651965,0.657786533,0.801516119,0.641829072,13.00562277,13.17774305,12.90021312,13.19496555
CitraBatik/1-58.jpg,22301.83333,0.666666667,0,0,2.833333333,9.5,0,0,0,0,0,0,0,0,0,0,4014.666667,1.5,0,0,6594.166667,2229.666667,0,0,0,0,0,0,0,0,0,0,34.16666667,0,0,0,3610.833333,944.6666667,0,0,48.16666667,138.6666667,1.666666667,0,0,0,0,0,0,0,0,0,0.666666667,0,0,0,6,60.33333333,0,0,0,0,0,0,28997.5,1587,591,321,204.8333333,153.5,122.1666667,123.6666667,96.16666667,460,108.8333333,131.6666667,167.6666667,196.6666667,328,619,1635.166667,4156.166667,0.014603325,0.013767575,0.015131414,0.013709544,536.8129007,755.176334,434.5542523,788.8904607,0.757775462,0.659423307,0.803998474,0.644218813,12.99764311,13.16819776,12.89032713,13.18679826
CitraBatik/1-59.jpg,22379.66667,0,0,0,4.166666667,6.166666667,0,0,0,0,0,0,0,0,0,0,4017.833333,0.333333333,0,0,6456,2355,0,0,0,0,0,0,0,0,0,0,42.33333333,0,0,0,3549.333333,971.6666667,0,0,47.16666667,117.6666667,1,0,0,0,0,0,0,0,0,0,0,0,0,0,4.166666667,47.5,0,0,0,0,0,0,29081,1567.666667,577.1666667,325.3333333,206.1666667,155.5,127,106.3333333,115.5,450.8333333,113.1666667,135,169,222,333,604,1652.5,4058.833333,0.014854952,0.013953245,0.015314405,0.013895396,525.163222,749.9828453,435.2624018,775.3237309,0.759876161,0.6572626,0.801117149,0.645679388,12.96525847,13.14436246,12.86906674,13.15758547
CitraBatik/1-6.jpg,21571.16667,1,0,0,3.333333333,12.16666667,0,0,0,0,0,0,0,0,0,0,4681.333333,1,0,0,6372.666667,1886.666667,0,0,0,0,0,0,0,0,0,0,52.16666667,0,0,0,4377.833333,859.1666667,0,0,38.16666667,98.5,0.666666667,0,0,0,0,0,0,0,0,0,0,0,0,0,3,41.16666667,0,0,0,0,0,0,29163.16667,1606.166667,648.6666667,357.1666667,224.5,190.5,139,122.1666667,121.8333333,464.3333333,130.8333333,158.6666667,177.8333333,229.3333333,361.1666667,672.8333333,1676.166667,3555.666667,0.015053281,0.014137536,0.015543259,0.014028926,507.147429,698.5387844,421.9303676,754.5159769,0.759212418,0.668395252,0.799643688,0.641822154,12.92057154,13.08854648,12.8258445,13.118441
CitraBatik/1-60.jpg,22381.33333,0.666666667,0,0,3,3.833333333,0,0,0,0,0,0,0,0,0,0,3921.166667,0.333333333,0,0,6563,2381.166667,0,0,0,0,0,0,0,0,0,0,40.16666667,0,0,0,3522.333333,982.8333333,0,0,49.66666667,107,2,0,0,0,0,0,0,0,0,0,0,0,0,0,4.5,37,0,0,0,0,0,0,29197.16667,1585.666667,588.1666667,328.8333333,214.8333333,151.5,123.5,107.6666667,97.33333333,447,104.6666667,132.6666667,159.6666667,210.6666667,322,595,1616.5,4017.166667,0.014779585,0.013846804,0.01522502,0.013795392,512.9029007,741.6159765,425.6945739,756.9945691,0.761896069,0.655887129,0.802442456,0.648750227,12.95264197,13.14054477,12.86018798,13.14997343
CitraBatik/1-61.jpg,22183.66667,1.833333333,0,0,7.833333333,7,0,0,0,0,0,0,0,0,0,0,5407.833333,2.333333333,0,0,7086.5,1641.5,0,0,0,0,0,0,0,0,0,0,16.33333333,0,0,0,2957.166667,571.3333333,0,0,18.5,73.66666667,0.333333333,0,0,0,0,0,0,0,0,0,0,0,0,0,2,22.16666667,0,0,0,0,0,0,28879,1567.833333,617.8333333,304.5,218.5,171.5,151.1666667,125.3333333,124,460.1666667,132.5,149.3333333,172.5,231.6666667,347.1666667,664.5,1730.166667,3952.333333,0.018057562,0.016815884,0.018381472,0.016674243,414.4140985,609.5742235,392.5808312,665.4469898,0.781251569,0.678241931,0.792733859,0.648753375,12.62573749,12.82804675,12.59021029,12.86470095
CitraBatik/1-62.jpg,22275.83333,1.666666667,0,0,4,9,0,0,0,0,0,0,0,0,0,0,5429.833333,1,0,0,6849.166667,1709.5,0,0,0,0,0,0,0,0,0,0,18,0,0,0,2967.666667,608.3333333,0,0,15.16666667,78.33333333,1.666666667,0,0,0,0,0,0,0,0,0,0,0,0,0,2.833333333,27.66666667,0.333333333,0,0,0,0,0,29068.33333,1547.5,613.1666667,338.3333333,199.1666667,138.3333333,131.3333333,116,100,447.5,120.1666667,123.1666667,155.5,225.3333333,342.3333333,628.1666667,1692,4013.666667,0.01576965,0.014733691,0.016008488,0.014621739,453.1741778,651.5597592,418.0127736,708.977703,0.766550679,0.664339705,0.784608792,0.63476023,12.81103397,13.00117894,12.76695539,13.03489693
CitraBatik/1-63.jpg,22409.33333,1.166666667,0,0,3.833333333,6.333333333,0,0,0,0,0,0,0,0,0,0,5206.833333,0,0,0,6725.5,1717.833333,0,0,0,0,0,0,0,0,0,0,26.83333333,0,0,0,3149,633,0,0,16.33333333,77.5,1.333333333,0,0,0,0,0,0,0,0,0,0,0,0,0,2.833333333,22.33333333,0,0,0,0,0,0,29132.33333,1616.333333,612.8333333,324.1666667,214,170.3333333,126.1666667,119.1666667,107.6666667,448.3333333,113,142.8333333,156,209.6666667,333.5,615.3333333,1645.166667,3913.166667,0.015717029,0.014691913,0.016032106,0.014592062,469.430722,675.7122983,430.5780284,724.3211325,0.761576685,0.656819586,0.781317253,0.632129836,12.82792626,13.01598482,12.77801053,13.04424602
CitraBatik/1-64.jpg,22630.66667,1.666666667,0,0,1.833333333,9,0,0,0,0,0,0,0,0,0,0,5046.166667,3.666666667,0,0,6437.833333,1869.166667,0,0,0,0,0,0,0,0,0,0,27,0,0,0,3176.5,668.1666667,0,0,15.66666667,82.83333333,1,0,0,0,0,0,0,0,0,0,0,0,0,0,1.5,27.33333333,0,0,0,0,0,0,29060.66667,1600.333333,588.3333333,311.1666667,204,152.1666667,128.3333333,104.8333333,104.5,452,115.5,124.1666667,153.5,228.5,313.3333333,623.6666667,1653,4082,0.01560478,0.014596795,0.015877872,0.014495597,485.2490192,697.801051,446.6409148,747.3101242,0.758256117,0.652399162,0.777482515,0.62773439,12.85677832,13.04370439,12.81084009,13.07098822
CitraBatik/1-65.jpg,22705.16667,0.333333333,0,0,6,10.66666667,0,0,0,0,0,0,0,0,0,0,4879,0.666666667,0,0,6363.666667,1962.333333,0,0,0,0,0,0,0,0,0,0,23.5,0,0,0,3213,682.1666667,0,0,19.16666667,99,2.333333333,0,0,0,0,0,0,0,0,0,0,0,0,0,1.333333333,31.33333333,0.333333333,0,0,0,0,0,28990.33333,1524.666667,611.3333333,310.1666667,199,139.6666667,117,107.1666667,100.6666667,451.6666667,103.8333333,130.8333333,161,209.5,338.8333333,634.6666667,1670,4199.666667,0.015136004,0.014181504,0.015354142,0.014058274,501.3254508,718.0634014,455.6191312,777.3035594,0.755682342,0.650026357,0.777975022,0.621159111,12.90701472,13.08861634,12.85853103,13.12260857
CitraBatik/1-66.jpg,22728.5,1,0,0,6.666666667,10.66666667,0,0,0,0,0,0,0,0,0,0,4659.666667,1.166666667,0,0,6275.666667,2008.5,0,0,0,0,0,0,0,0,0,0,23.66666667,0,0,0,3354.333333,764.6666667,0,0,19,104.5,1.333333333,0,0,0,0,0,0,0,0,0,0,0,0,0,3.5,37.16666667,0,0,0,0,0,0,29057.33333,1528,571,320.8333333,206.3333333,150.3333333,122.6666667,109.6666667,97.33333333,441,121,139.6666667,158.3333333,212.5,318.8333333,600.5,1680.333333,4164.333333,0.015237056,0.0143141,0.015587233,0.014183054,516.19952,727.8018837,460.8748705,786.6689303,0.754385403,0.653701289,0.780645178,0.625692515,12.92290483,13.09703507,12.86224411,13.12966755
CitraBatik/1-67.jpg,22810.83333,1.5,0,0,4.166666667,8.5,0,0,0,0,0,0,0,0,0,0,4504.5,0.833333333,0,0,6226.833333,2086,0,0,0,0,0,0,0,0,0,0,28.66666667,0,0,0,3354.333333,781.3333333,0,0,27.83333333,113.3333333,1.666666667,0,0,0,0,0,0,0,0,0,0.333333333,0,0,0,5.333333333,44,0,0,0,0,0,0,29198.5,1550.666667,585.8333333,314,199,155.5,141.5,100.3333333,97,433.8333333,112.3333333,117,153.3333333,216.3333333,312.3333333,609.1666667,1617,4086.333333,0.014969502,0.014059299,0.015324808,0.013999568,532.5328715,753.0129121,469.4567627,798.0823971,0.753208011,0.650992308,0.782423782,0.630107802,12.96552352,13.1406178,12.89947545,13.16439138
CitraBatik/1-68.jpg,22664,1.666666667,0,0,2.333333333,8.166666667,0,0,0,0,0,0,0,0,0,0,4476.833333,1,0,0,6237.5,2157.833333,0,0,0,0,0,0,0,0,0,0,23,0,0,0,3404.666667,817.6666667,0,0,29.83333333,118.6666667,1.333333333,0,0,0,0,0,0,0,0,0,0.333333333,0,0,0,6.5,48.66666667,0,0,0,0,0,0,29109.33333,1536.5,578.1666667,308.1666667,202.5,153.5,138.5,112.1666667,104.3333333,447.8333333,109.3333333,122.3333333,153.5,225,308.6666667,615.5,1614,4160.666667,0.014695694,0.013825569,0.015049372,0.013756442,544.3675417,768.809938,472.9339474,812.7178087,0.750450372,0.647523895,0.783084035,0.627392314,12.9942672,13.16722016,12.92259338,13.19052653
CitraBatik/1-69.jpg,22788.66667,0.833333333,0,0,3.666666667,14.33333333,0,0,0,0,0,0,0,0,0,0,4020.333333,1.5,0,0,6226.5,2195.666667,0,0,0,0,0,0,0,0,0,0,29.83333333,0,0,0,3681.833333,837.1666667,0,0,31.33333333,117.6666667,0.666666667,0,0,0,0,0,0,0,0,0,0,0,0,0,6.5,43.5,0,0,0,0,0,0,28966.33333,1500.666667,560.1666667,298.8333333,195.1666667,162.3333333,147.1666667,114,131.8333333,458.3333333,124.5,130,166.8333333,217.3333333,319.8333333,617.1666667,1652.333333,4237.166667,0.016900244,0.015872376,0.017337161,0.015742487,516.9152755,734.7938251,451.1813367,788.9668621,0.762763524,0.662731525,0.792868119,0.637867881,12.82191407,12.99832894,12.74990212,13.02911648
CitraBatik/1-7.jpg,21704.5,1,0,0,3.333333333,9.166666667,0,0,0,0,0,0,0,0,0,0,4621.5,0.333333333,0,0,6386.5,1940.666667,0,0,0,0,0,0,0,0,0,0,45.16666667,0,0,0,4208.666667,867.1666667,0,0,46.16666667,112.5,1.666666667,0,0,0,0,0,0,0,0,0,0.833333333,0,0,0,6.5,44.33333333,0,0,0,0,0,0,29271.83333,1664.666667,632.5,331.1666667,236,176.3333333,144,117.3333333,113.5,458.1666667,120.1666667,132,176.5,232.8333333,338.1666667,664.5,1637,3553.333333,0.014822831,0.013922766,0.0153404,0.01387217,521.3216945,718.6485831,426.8728655,760.9708244,0.7565643,0.664470307,0.80073812,0.644708995,12.95612719,13.12439157,12.85363194,13.1448884
CitraBatik/1-70.jpg,23086.33333,0.333333333,0,0,1.5,9.666666667,0,0,0,0,0,0,0,0,0,0,4019.666667,1.166666667,0,0,5788.666667,2284.166667,0,0,0,0,0,0,0,0,0,0,33.5,0,0,0,3683.333333,875.6666667,0,0,34,127.8333333,2.666666667,0,0,0,0,0,0,0,0,0,0,0.333333333,0,0,5.333333333,45.5,0.333333333,0,0,0,0,0,29137,1519,582.6666667,294.5,197.5,150,108.5,103.8333333,101.3333333,449.6666667,94.33333333,128,151.8333333,200.5,325.6666667,571.6666667,1644.5,4239.5,0.01478965,0.013916551,0.015118409,0.013828107,549.1911686,774.5558429,473.624269,820.4974121,0.751895563,0.65001532,0.785908771,0.629254239,12.99548621,13.16727974,12.92128725,13.19140332
CitraBatik/1-71.jpg,23059.33333,0.333333333,0,0,2.833333333,9.166666667,0,0,0,0,0,0,0,0,0,0,3900.5,0,0,0,5915.5,2286.166667,0,0,0,0,0,0,0,0,0,0,30.66666667,0,0,0,3695,886.6666667,0,0,30.5,129.5,1.666666667,0,0,0,0,0,0,0,0,0,0,0,0,0,7.666666667,44.16666667,0.333333333,0,0,0,0,0,29143.83333,1570.166667,568.1666667,316.6666667,191,148.6666667,120.1666667,106.5,86.33333333,433.5,116.6666667,130.8333333,144.1666667,197,310.6666667,576.3333333,1622.166667,4217.166667,0.014864171,0.013949611,0.015235767,0.013898743,551.6784098,783.4595546,476.8309983,817.3351409,0.751329286,0.646801191,0.784995073,0.63153084,12.99231349,13.16901156,12.91813013,13.18626757
CitraBatik/1-72.jpg,22701.5,1,0,0,5,11.16666667,0,0,0,0,0,0,0,0,0,0,3989.166667,0.666666667,0,0,6216.166667,2306.833333,0,0,0,0,0,0,0,0,0,0,26.83333333,0,0,0,3612.666667,909.5,0,0,36.16666667,131.5,2.666666667,0,0,0,0,0,0,0,0,0,0.333333333,0,0,0,4.5,44,0.333333333,0,0,0,0,0,29144,1559.833333,551.3333333,315,211.5,137.6666667,123.5,106.5,124,443.8333333,107.8333333,121.3333333,152.5,200.8333333,337.5,602,1641.666667,4119.166667,0.0148053,0.013897766,0.015208853,0.013838277,545.7913022,770.2998858,471.3280702,807.552868,0.751980279,0.649910109,0.785760102,0.632979792,12.99129428,13.16482287,12.91389094,13.18421418
CitraBatik/1-73.jpg,22603.83333,1.333333333,0,0,4,13.16666667,0,0,0,0,0,0,0,0,0,0,3955.5,0.5,0,0,6438.5,2286.166667,0,0,0,0,0,0,0,0,0,0,30,0,0,0,3569.833333,888,0,0,27.83333333,130,1.666666667,0,0,0,0,0,0,0,0,0,0,0,0,0,5.166666667,43.83333333,0.666666667,0,0,0,0,0,29145.33333,1555.5,569.6666667,322.3333333,205.3333333,150.6666667,119.6666667,112.8333333,95.83333333,444.8333333,101.6666667,123.8333333,166.5,216.5,330,623.5,1650,4066,0.014587379,0.013689489,0.014934086,0.01361661,540.4394073,767.4448559,463.935472,803.1229744,0.75308661,0.649300083,0.787970725,0.632994169,12.99533907,13.17102378,12.91849317,13.19103236
CitraBatik/1-74.jpg,22534.66667,0.333333333,0,0,3.166666667,5.5,0,0,0,0,0,0,0,0,0,0,3914.833333,1,0,0,6358.666667,2386.833333,0,0,0,0,0,0,0,0,0,0,33.33333333,0,0,0,3646.833333,928.1666667,0,0,28,112,2.166666667,0,0,0,0,0,0,0,0,0,0,0,0,0,5.166666667,39.33333333,0,0,0,0,0,0,29075,1561.833333,578.8333333,301.6666667,211.6666667,156,132.6666667,111.5,105.3333333,453.1666667,114.5,144.5,151.3333333,220.8333333,316.8333333,607.8333333,1666.333333,4090.166667,0.015067387,0.014124725,0.015452072,0.014031203,525.9062688,752.8255614,457.5071387,781.1019243,0.757069082,0.652186187,0.788656519,0.639121485,12.94724053,13.12840574,12.87494991,13.1460317
CitraBatik/1-75.jpg,22506.33333,1,0,0,4.166666667,5.166666667,0,0,0,0,0,0,0,0,0,0,3893.166667,1.333333333,0,0,6392.833333,2392.333333,0,0,0,0,0,0,0,0,0,0,32,0,0,0,3672,920.6666667,0,0,30.5,114.1666667,1.333333333,0,0,0,0,0,0,0,0,0,0,0,0,0,3.166666667,29.5,0.333333333,0,0,0,0,0,29232,1552.166667,579.1666667,321.8333333,223.3333333,155.6666667,129.8333333,107.5,93.83333333,442,106.6666667,130,167.5,194.5,322.8333333,603,1607.833333,4030.333333,0.014864465,0.013893729,0.015240716,0.013870336,519.6082679,750.0613847,453.0176734,769.8478458,0.757126844,0.64932725,0.788168999,0.640075239,12.94905034,13.13491203,12.87836315,13.14672941
CitraBatik/1-76.jpg,22249.5,3,0,0,8.833333333,7.333333333,0,0,0,0,0,0,0,0,0,0,5803.166667,1.333333333,0,0,7018.166667,1537.333333,0,0,0,0,0,0,0,0,0,0,17.66666667,0,0,0,2727.166667,530.3333333,0,0,7.166666667,73.33333333,1.333333333,0,0,0,0,0,0,0,0,0,0,0,0,0,1.333333333,13,0,0,0,0,0,0,29000.5,1641.333333,624.3333333,318,220.8333333,157.6666667,145.1666667,127.5,105.8333333,456.5,112.6666667,135.6666667,158.1666667,217.5,355.1666667,664.8333333,1754.166667,3804.166667,0.016007056,0.014877202,0.016246508,0.014717844,417.979879,614.5991146,398.2030994,662.595487,0.771912074,0.664603484,0.782641554,0.638409798,12.74300867,12.94740798,12.71165711,12.98292772
CitraBatik/1-77.jpg,22092.83333,1.5,0,0,2,4,0,0,0,0,0,0,0,0,0,0,5752.833333,1.333333333,0,0,7068.833333,1663.333333,0,0,0,0,0,0,0,0,0,0,17.33333333,0,0,0,2750,554.1666667,0,0,9.833333333,69.5,1,0,0,0,0,0,0,0,0,0,0,0,0,0,0.333333333,11.16666667,0,0,0,0,0,0,28954,1596.5,595.5,321.1666667,225,145.8333333,121.6666667,112.5,100.3333333,449,113.1666667,122.1666667,165.1666667,219,350.3333333,635.1666667,1705.333333,4068.166667,0.015831172,0.014766641,0.016147202,0.014596382,420.3151043,616.2938105,387.2830284,669.9938787,0.772796629,0.66682662,0.790579845,0.63779548,12.7543556,12.95496546,12.7067888,12.99227705
CitraBatik/1-78.jpg,22082.83333,1.5,0,0,4.333333333,5,0,0,0,0,0,0,0,0,0,0,5552.666667,0.666666667,0,0,6936.166667,1701.166667,0,0,0,0,0,0,0,0,0,0,19.83333333,0,0,0,3000.166667,602.1666667,0,0,7.333333333,72,2.333333333,0,0,0,0,0,0,0,0,0,0,0,0,0,0,11.83333333,0,0,0,0,0,0,28993,1623.833333,619.8333333,324,215.6666667,144.5,119.5,107.6666667,109.6666667,448.1666667,126.5,120.1666667,162.5,226.6666667,350.1666667,644.8333333,1681.666667,3981.666667,0.015513312,0.014471902,0.01584942,0.014362869,433.9730593,638.463747,400.1426358,685.6068385,0.769313225,0.66058844,0.787274707,0.635526062,12.78742125,12.98742697,12.7388707,13.01706089
CitraBatik/1-79.jpg,22280.66667,1.166666667,0,0,5,7,0,0,0,0,0,0,0,0,0,0,5288.333333,1.833333333,0,0,6809.166667,1818.333333,0,0,0,0,0,0,0,0,0,0,25.66666667,0,0,0,3021.166667,637.6666667,0,0,7.5,83.16666667,1.333333333,0,0,0,0,0,0,0,0,0,0,0,0,0,1.166666667,10.83333333,0,0,0,0,0,0,29063.16667,1610.5,585.3333333,325,205.8333333,148.3333333,122.3333333,107.8333333,102.6666667,446.8333333,117.3333333,133.6666667,160.3333333,211.5,304.6666667,605.6666667,1685.666667,4063.333333,0.015371446,0.014313009,0.015647422,0.014219662,451.5335768,663.6217171,415.2073183,709.2176936,0.764677875,0.654113136,0.783553486,0.630348222,12.82132904,13.01966543,12.77329923,13.04712776
CitraBatik/1-8.jpg,21621.66667,0,0,0,2.5,8.166666667,0,0,0,0,0,0,0,0,0,0,4577.5,0.333333333,0,0,6377.5,2057.833333,0,0,0,0,0,0,0,0,0,0,42.5,0,0,0,4172.333333,916,0,0,45.83333333,110.1666667,2.333333333,0,0,0,0,0,0,0,0,0,0,0,0,0,10.16666667,55.16666667,0,0,0,0,0,0,29119,1653.166667,627.6666667,342,224.3333333,165.1666667,139.6666667,131.8333333,122,460.6666667,122.8333333,147,182.1666667,225.3333333,360.5,621.1666667,1669.5,3686,0.014619767,0.013744626,0.015120312,0.013703854,530.9007596,732.7418965,429.387264,772.2527521,0.754016337,0.660533588,0.800995132,0.642228431,12.97916172,13.14690967,12.87330191,13.16624812
CitraBatik/1-80.jpg,22483.83333,1,0,0,4.166666667,11.66666667,0,0,0,0,0,0,0,0,0,0,5128.833333,1,0,0,6715,1875.333333,0,0,0,0,0,0,0,0,0,0,22,0,0,0,2994.166667,648,0,0,13.16666667,84.66666667,1.333333333,0,0,0,0,0,0,0,0,0,0,0,0,0,1.5,14.33333333,0,0,0,0,0,0,28913.33333,1595.5,600.8333333,302.8333333,206,157.1666667,120.8333333,98.5,103.5,452.5,117.6666667,122.6666667,166.5,216.8333333,329.5,646.8333333,1692.833333,4156.166667,0.01514925,0.014161678,0.015451967,0.014007664,466.6365234,679.8414567,422.7069048,733.2373839,0.761352586,0.652295595,0.783833802,0.624986935,12.85319123,13.04607988,12.80086127,13.08018148
CitraBatik/1-81.jpg,22493.66667,1,0,0,7.166666667,8,0,0,0,0,0,0,0,0,0,0,4945.333333,0,0,0,6617,1937.333333,0,0,0,0,0,0,0,0,0,0,24,0,0,0,3153.666667,686.3333333,0,0,13.66666667,93,1.666666667,0,0,0,0,0,0,0,0,0,0,0,0,0,1.5,16.33333333,0.333333333,0,0,0,0,0,29019.66667,1547.666667,591.1666667,315.8333333,212,166.3333333,133.6666667,103,100,452.1666667,114,108.6666667,150.5,212.3333333,328.8333333,639.5,1700.5,4104.166667,0.01499487,0.014042587,0.015353063,0.0139174,484.2923456,697.6786373,432.8311111,749.943858,0.758601467,0.652226294,0.784199496,0.626171421,12.89123257,13.07611397,12.83064041,13.10875164
CitraBatik/1-82.jpg,22557.83333,1,0,0,3.333333333,9.833333333,0,0,0,0,0,0,0,0,0,0,4772.833333,1.333333333,0,0,6550.833333,2079.666667,0,0,0,0,0,0,0,0,0,0,19.66666667,0,0,0,3100.666667,747.1666667,0,0,20.66666667,110.1666667,1.333333333,0,0,0,0,0,0,0,0,0,0.333333333,0,0,0,2.5,20.83333333,0,0,0,0,0,0,29094.16667,1567,590.3333333,313.1666667,209.8333333,141.5,116.5,109.1666667,94.5,438.1666667,106.1666667,116.5,152.8333333,226.3333333,328.8333333,634.8333333,1621.166667,4139,0.014910969,0.013945944,0.015268962,0.01386122,494.8515275,716.0002636,435.069127,757.4228727,0.758246942,0.650208325,0.787458719,0.629968638,12.91471594,13.10112951,12.8446002,13.12486638
CitraBatik/1-83.jpg,22459.5,1,0,0,5.333333333,14.66666667,0,0,0,0,0,0,0,0,0,0,4678.666667,0.666666667,0,0,6603.833333,2088,0,0,0,0.333333333,0,0,0,0,0,0,21.83333333,0,0,0,3160,809,0,0,20.16666667,108.8333333,1.333333333,0,0,0,0,0,0,0,0,0,0,0,0,0,3.833333333,22.66666667,0.333333333,0,0,0,0,0,29036,1608.166667,568.8333333,309.1666667,194.5,146,123.8333333,105.1666667,96.5,447.6666667,112.3333333,121.8333333,159.1666667,211.1666667,325,596.5,1663.333333,4174.833333,0.014706741,0.013781445,0.015102183,0.013676175,507.2174583,729.689085,441.0712322,774.6144744,0.755353309,0.648044896,0.787176193,0.626371723,12.94205538,13.12565054,12.86702339,13.15104526
CitraBatik/1-84.jpg,22816.5,1.166666667,0,0,3.833333333,12.16666667,0,0,0,0,0,0,0,0,0,0,4309.166667,1,0,0,6335.333333,2135.833333,0,0,0,0,0,0,0,0,0,0,26.5,0,0,0,3368.166667,821.6666667,0,0,18.66666667,126.5,0.666666667,0,0,0,0,0,0,0,0,0,0,0,0,0,1.333333333,21.5,0,0,0,0,0,0,28975,1577.833333,578.3333333,322,205.3333333,156.6666667,129.3333333,111.1666667,103.8333333,439.5,105,124,143.3333333,219.6666667,303.3333333,625.5,1661.666667,4218.5,0.014838892,0.013949049,0.015241876,0.013796962,523.7322287,739.4071782,457.3781662,793.139309,0.751125068,0.648635009,0.782613846,0.623101486,12.95066852,13.12435772,12.87846434,13.15703133
CitraBatik/1-85.jpg,22918.33333,1.333333333,0,0,5,14.5,0,0,0,0,0,0,0,0,0,0,4214.333333,1.5,0,0,6138.333333,2224.333333,0,0,0,0,0,0,0,0,0,0,27.5,0,0,0,3468.5,824.1666667,0,0,23.5,111.3333333,2,0,0,0,0,0,0,0,0,0,0.666666667,0,0,0,3.166666667,21.16666667,0.333333333,0,0,0,0,0,29017,1541.5,573.3333333,309.8333333,204.6666667,162.3333333,119.3333333,109.6666667,103.5,440.3333333,112.1666667,116.3333333,142.8333333,204.6666667,323.8333333,607.6666667,1656.833333,4254.166667,0.01487556,0.01398767,0.015321321,0.013874936,512.6778589,735.1553592,440.1601754,782.3305886,0.756757253,0.651210282,0.791090233,0.628826508,12.93687179,13.11626246,12.85560391,13.14353137
CitraBatik/1-86.jpg,22867,1.666666667,0,0,3.666666667,7.333333333,0,0,0,0,0,0,0,0,0,0,4108.333333,0.666666667,0,0,6256,2290,0,0,0,0,0,0,0,0,0,0,25.66666667,0,0,0,3435.666667,843.3333333,0,0,19,118.8333333,2,0,0,0,0,0,0,0,0,0,0,0,0,0,1.333333333,19.16666667,0.333333333,0,0,0,0,0,29078,1592,565.8333333,295.6666667,205.3333333,144.6666667,126.8333333,100.8333333,90.5,440.1666667,96.33333333,120.6666667,150.5,207.8333333,323.6666667,568.5,1635.666667,4257,0.014851434,0.013901392,0.015262194,0.013866291,515.3218239,745.3497308,443.3069507,779.5840854,0.756345105,0.647585074,0.790358239,0.631396925,12.94238093,13.12804081,12.86282982,13.14457703
CitraBatik/1-87.jpg,22625.16667,0.833333333,0,0,8.166666667,11.5,0,0,0,0,0,0,0,0,0,0,4150.833333,0.333333333,0,0,6487.166667,2265.166667,0,0,0,0,0,0,0,0,0,0,27.16666667,0,0,0,3369.166667,890.6666667,0,0,22.83333333,119,1,0,0,0,0,0,0,0,0,0,0,0,0,0,2.666666667,18,0.333333333,0,0,0,0,0,29121,1550.333333,592.5,299.3333333,211.3333333,138,126.3333333,109.6666667,99.33333333,443.5,101,129,160.1666667,206.8333333,308.8333333,625.6666667,1660,4117.166667,0.014772386,0.013817524,0.015189037,0.013761204,512.1667362,736.3285928,438.4006642,771.1665014,0.75606985,0.649322285,0.791190299,0.63273001,12.94317585,13.12634536,12.8610994,13.14575111
CitraBatik/1-88.jpg,22466.33333,0.333333333,0,0,6.5,14,0,0,0,0,0,0,0,0,0,0,4151.333333,0,0,0,6732.666667,2242.833333,0,0,0,0,0,0,0,0,0,0,24.5,0,0,0,3314.166667,884.8333333,0,0,19.16666667,120,1.333333333,0,0,0,0,0,0,0,0,0,0,0,0,0,3,18.66666667,0.333333333,0,0,0,0,0,29064.83333,1524.166667,607.6666667,317.5,199.3333333,143.8333333,124.3333333,112.8333333,99.83333333,445,104.8333333,123.5,157.6666667,211,328.3333333,645.6666667,1685.833333,4103.833333,0.01479558,0.013885676,0.015225617,0.013766545,506.1756553,727.9894352,431.9790017,766.6083406,0.757589984,0.651399678,0.793126977,0.63290704,12.93305093,13.11588637,12.84844219,13.13892206
CitraBatik/1-89.jpg,22386.66667,1.333333333,0,0,6.166666667,6.5,0,0,0,0,0,0,0,0,0,0,4110.166667,1,0,0,6713.833333,2277.333333,0,0,0,0,0,0,0,0,0,0,32.83333333,0,0,0,3440.833333,881.6666667,0,0,20.16666667,103.5,1.666666667,0,0,0,0,0,0,0,0,0,0,0,0,0,2.5,13.83333333,0,0,0,0,0,0,29093.16667,1556.333333,584.3333333,320.8333333,196.5,141.3333333,116.6666667,118.3333333,101.8333333,447.6666667,100.5,124.6666667,153.5,205.1666667,329.6666667,615.3333333,1663.333333,4130.833333,0.014920434,0.013955565,0.015299699,0.013848071,498.0398998,720.3485006,431.3028028,756.5016464,0.759942837,0.652829477,0.792158739,0.635407686,12.91506947,13.10119414,12.84035574,13.12540244
CitraBatik/1-9.jpg,21797.33333,0.333333333,0,0,2.166666667,10,0,0,0,0,0,0,0,0,0,0,4111,1,0,0,6327.833333,2069.833333,0,0,0,0,0,0,0,0,0,0,50.83333333,0,0,0,4453.666667,950,0,0,53.16666667,118.1666667,0.666666667,0,0,0,0,0,0,0,0,0,0,0,0,0,6.666666667,47.33333333,0,0,0,0,0,0,29053.16667,1536,618.5,339.1666667,233.5,167.3333333,148.1666667,131.3333333,114.3333333,475.5,133.6666667,152.8333333,173.8333333,234.5,333.5,611.3333333,1615,3928.333333,0.016686481,0.015653171,0.017278164,0.015554125,504.655505,701.9968912,409.3640602,748.3907724,0.766554468,0.675310112,0.810640526,0.653851879,12.81330894,12.98516402,12.70648191,13.01053587
CitraBatik/1-90.jpg,22261,0.5,0,0,2.5,8.833333333,0,0,0,0,0,0,0,0,0,0,4065.666667,0,0,0,6752.5,2302.166667,0,0,0,0,0,0,0,0,0,0,23.33333333,0,0,0,3550.666667,883.3333333,0,0,19.33333333,112.6666667,1.333333333,0,0,0,0,0,0,0,0,0,0,0.333333333,0,0,3,12.5,0.333333333,0,0,0,0,0,29069.16667,1591.5,608.3333333,323.3333333,202.8333333,152.5,137,116.8333333,103.8333333,435.1666667,116,124,155,213.3333333,317.8333333,593,1667.333333,4073,0.014919507,0.013903289,0.015279062,0.013844086,486.9276419,712.5927507,423.0784336,740.3300907,0.763168686,0.653447056,0.794216033,0.639957987,12.90099626,13.09544101,12.82875065,13.11235103
CitraBatik/1-91.jpg,21817.83333,3.833333333,0,0,9.166666667,6.833333333,0,0,0,0,0,0,0,0,0,0,6102.666667,2,0,0,7153,1574.5,0,0,0,0,0,0,0,0,0,0,18.33333333,0,0,0,2709.333333,509.8333333,0,0,9.5,70.83333333,0.666666667,0,0,0,0,0,0,0,0,0,0,0,0,0,0.666666667,11,0,0,0,0,0,0,29011.16667,1657.333333,642.3333333,327.8333333,213.6666667,164.1666667,138.6666667,121.3333333,123.6666667,445.3333333,118.5,131.5,158.1666667,229.5,349.6666667,714.3333333,1787.666667,3665.166667,0.015584959,0.014514398,0.016010312,0.014381448,401.4042404,589.216974,373.6613826,631.4338476,0.775288762,0.670211435,0.790800307,0.64658429,12.74460446,12.94964571,12.6922358,12.97990127
CitraBatik/1-92.jpg,21661,2.833333333,0,0,5.833333333,5,0,0,0,0,0,0,0,0,0,0,6002.833333,0.666666667,0,0,7238.333333,1691.833333,0,0,0,0,0,0,0,0,0,0,18.66666667,0,0,0,2757,511.3333333,0,0,12.66666667,78.5,1.333333333,0,0,0,0,0,0,0,0,0,0,0,0,0,1,11.16666667,0,0,0,0,0,0,28965.16667,1608.333333,610.1666667,345.1666667,219.1666667,168.1666667,138.3333333,120.8333333,99,449,119.8333333,129,161.5,219.5,352.8333333,686.1666667,1749.666667,3858.166667,0.015651318,0.014570464,0.016057556,0.014411718,401.0267028,586.5483952,363.2865497,631.5048305,0.776937779,0.673796852,0.797912554,0.648795878,12.73511454,12.9385648,12.67594229,12.97286861
CitraBatik/1-93.jpg,21718.66667,3.666666667,0,0,4.833333333,10,0,0,0,0,0,0,0,0,0,0,5729.833333,0.333333333,0,0,7187,1734.666667,0,0,0,0,0,0,0,0,0,0,26.5,0,0,0,2943.166667,540.5,0,0,8.833333333,77.5,1.333333333,0,0,0,0,0,0,0,0,0,0,0,0,0,0.333333333,12.83333333,0,0,0,0,0,0,29033,1634.833333,621.3333333,325.3333333,225.1666667,153.8333333,131.8333333,115.5,111.8333333,451.5,112.6666667,141.6666667,166,214,348.5,646.1666667,1725.333333,3841.5,0.015367354,0.014331043,0.015804238,0.014208732,413.2660684,604.8592726,372.8602089,646.4100862,0.773179825,0.668085389,0.795378597,0.64528801,12.76720986,12.96874682,12.7050459,12.99726338
CitraBatik/1-94.jpg,21869.16667,3.833333333,0,0,3.666666667,5.333333333,0,0,0,0,0,0,0,0,0,0,5552.833333,1.166666667,0,0,7005.333333,1859.5,0,0,0,0,0,0,0,0,0,0,22.5,0,0,0,2986.666667,578.1666667,0,0,10.83333333,86.83333333,1.333333333,0,0,0,0,0,0,0,0,0,0,0,0,0,1.333333333,11.5,0,0,0,0,0,0,29053.5,1634.666667,619,335.8333333,207.6666667,159.8333333,129.1666667,114.3333333,100.3333333,451.3333333,113.1666667,130.1666667,158.1666667,216,342.3333333,677.6666667,1701.166667,3855.666667,0.015176226,0.014126654,0.015549072,0.014042798,432.0996745,630.381308,387.6455388,671.026297,0.767458793,0.660830239,0.791390009,0.638961931,12.80488913,13.00363742,12.74220369,13.02971474
CitraBatik/1-95.jpg,21885.16667,0,0,0,3.666666667,10.83333333,0,0,0,0,0,0,0,0,0,0,5436.166667,1.666666667,0,0,6972.666667,1898,0,0,0,0,0,0,0,0,0,0,22.5,0,0,0,3016.5,620.5,0,0,16.33333333,94.83333333,0.666666667,0,0,0,0,0,0,0,0,0,0,0,0,0,0.333333333,20.16666667,0,0,0,0,0,0,28971.16667,1581.166667,601.8333333,310.3333333,215.5,159.3333333,132.5,112.1666667,107.6666667,443.1666667,112.1666667,127.3333333,172.1666667,233.5,330.6666667,659.3333333,1771.333333,3958.666667,0.014969033,0.013976748,0.015364792,0.013842896,447.0175501,645.7936536,394.4185673,693.3698687,0.764833772,0.660332094,0.792579792,0.63530584,12.84079225,13.03364219,12.771817,13.06560343
CitraBatik/1-96.jpg,22051.33333,0.833333333,0,0,7.666666667,11.83333333,0,0,0,0,0,0,0,0,0,0,5148.833333,1.333333333,0,0,6916.166667,1962.833333,0,0,0,0,0,0,0,0,0,0,30.33333333,0,0,0,3077.333333,658.1666667,0,0,16.16666667,98.66666667,1,0,0,0,0,0,0,0,0,0,0,0,0,0,0.666666667,16.83333333,0,0,0,0,0,0,29124.16667,1545,623.5,309.6666667,206.6666667,157.5,121.6666667,107.8333333,108.1666667,448.6666667,108,131.6666667,172.8333333,221.1666667,342.1666667,665.3333333,1687,3919,0.014823718,0.013861888,0.015265495,0.013744823,463.1367237,661.898469,404.1582456,709.7155619,0.761784207,0.659593103,0.79209677,0.63500162,12.87447453,13.06029188,12.79739843,13.0910648
CitraBatik/1-97.jpg,22139,0.666666667,0,0,7.666666667,12.83333333,0,0,0,0,0,0,0,0,0,0,4940.833333,0.5,0,0,6850.666667,2088.833333,0,0,0,0,0,0,0,0,0,0,28.5,0,0,0,3073.333333,696.3333333,0,0,27,108.6666667,2.333333333,0,0,0,0,0,0,0,0,0,0,0,0,0,1.166666667,21.66666667,0,0,0,0,0,0,29164,1591,601.8333333,316,203.6666667,156.5,132.3333333,111.1666667,102.5,443.1666667,106.8333333,131.5,155.3333333,222.1666667,346.3333333,641.3333333,1689.666667,3884.666667,0.014712334,0.013754953,0.015157337,0.013672376,475.9352462,682.6924239,410.4422222,723.2294467,0.760858354,0.656999287,0.793812198,0.636628179,12.90564768,13.0931213,12.82429577,13.1170544
CitraBatik/1-98.jpg,22058.83333,0.333333333,0,0,3.833333333,13.33333333,0,0,0,0,0,0,0,0,0,0,4795.833333,1.333333333,0,0,6898,2150.166667,0,0,0,0,0,0,0,0,0,0,16.83333333,0,0,0,3152.333333,744.8333333,0,0,29.5,112.5,0.666666667,0,0,0,0,0,0,0,0,0,0,0,0,0,0.666666667,21,0,0,0,0,0,0,29075.66667,1561.166667,583,335.8333333,220,153.5,130.3333333,103.1666667,97.5,439.5,120.6666667,106.1666667,156.1666667,205.6666667,319.1666667,620.8333333,1693.333333,4078.333333,0.014511582,0.01360702,0.015027707,0.013513344,486.79601,692.4546885,412.1053676,735.4340317,0.758644393,0.656686366,0.79560183,0.635378055,12.93094043,13.11234792,12.83899534,13.1377109
CitraBatik/1-99.jpg,22399.33333,1.833333333,0,0,3.833333333,12.83333333,0,0,0,0,0,0,0,0,0,0,4452.666667,0.333333333,0,0,6590.833333,2197.5,0,0,0,0,0,0,0,0,0,0,24,0,0,0,3410.666667,737.8333333,0,0,26.16666667,116.1666667,0.333333333,0,0,0,0,0,0,0,0,0,0,0,0,0,1,24.66666667,0,0,0,0,0,0,29026.33333,1539.333333,589.8333333,312.1666667,198.1666667,142.6666667,133.5,115.5,107.6666667,440.6666667,108.8333333,125.5,156.5,207.3333333,339.5,655.6666667,1709,4091.833333,0.014400102,0.013565342,0.014935044,0.013408084,506.2088815,710.5305417,432.3282206,762.5216422,0.753809511,0.654451132,0.789710158,0.629168486,12.95995467,13.13186072,12.86961395,13.16371246
